URL,Last crawled
https://nursinghomeaudit.com/city/1205-santa-fe-dr,1970-01-01
https://nursinghomeaudit.com/city/alice,1970-01-01
https://nursinghomeaudit.com/city/amarillo,1970-01-01
https://nursinghomeaudit.com/city/amherst,1970-01-01
https://nursinghomeaudit.com/city/arlington,1970-01-01
https://nursinghomeaudit.com/city/athens,1970-01-01
https://nursinghomeaudit.com/city/atlanta,1970-01-01
https://nursinghomeaudit.com/city/austin,1970-01-01
https://nursinghomeaudit.com/city/bangs,1970-01-01
https://nursinghomeaudit.com/city/bastrop,1970-01-01
https://nursinghomeaudit.com/city/baytown,1970-01-01
https://nursinghomeaudit.com/city/beaumont,1970-01-01
https://nursinghomeaudit.com/city/bedford,1970-01-01
https://nursinghomeaudit.com/city/bee-cave,1970-01-01
https://nursinghomeaudit.com/city/beeville,1970-01-01
https://nursinghomeaudit.com/city/belton,1970-01-01
https://nursinghomeaudit.com/city/benbrook,1970-01-01
https://nursinghomeaudit.com/city/boerne,1970-01-01
https://nursinghomeaudit.com/city/bonham,1970-01-01
https://nursinghomeaudit.com/city/booker,1970-01-01
https://nursinghomeaudit.com/city/borger,1970-01-01
https://nursinghomeaudit.com/city/breckenridge,1970-01-01
https://nursinghomeaudit.com/city/bremond,1970-01-01
https://nursinghomeaudit.com/city/brenham,1970-01-01
https://nursinghomeaudit.com/city/bridgeport,1970-01-01
https://nursinghomeaudit.com/city/bronte,1970-01-01
https://nursinghomeaudit.com/city/brookshire,1970-01-01
https://nursinghomeaudit.com/city/brownfield,1970-01-01
https://nursinghomeaudit.com/city/brownsville,1970-01-01
https://nursinghomeaudit.com/city/brownwood,1970-01-01
https://nursinghomeaudit.com/city/bryan,1970-01-01
https://nursinghomeaudit.com/city/caldwell,1970-01-01
https://nursinghomeaudit.com/city/cameron,1970-01-01
https://nursinghomeaudit.com/city/canadian,1970-01-01
https://nursinghomeaudit.com/city/canton,1970-01-01
https://nursinghomeaudit.com/city/carrizo-springs,1970-01-01
https://nursinghomeaudit.com/city/carrollton,1970-01-01
https://nursinghomeaudit.com/city/carthage,1970-01-01
https://nursinghomeaudit.com/city/castroville,1970-01-01
https://nursinghomeaudit.com/city/cedar-hill,1970-01-01
https://nursinghomeaudit.com/city/cedar-park,1970-01-01
https://nursinghomeaudit.com/city/center,1970-01-01
https://nursinghomeaudit.com/city/centerville,1970-01-01
https://nursinghomeaudit.com/city/chandler,1970-01-01
https://nursinghomeaudit.com/city/childress,1970-01-01
https://nursinghomeaudit.com/city/cisco,1970-01-01
https://nursinghomeaudit.com/city/claude,1970-01-01
https://nursinghomeaudit.com/city/cleburne,1970-01-01
https://nursinghomeaudit.com/city/cleveland,1970-01-01
https://nursinghomeaudit.com/city/clute,1970-01-01
https://nursinghomeaudit.com/city/clyde,1970-01-01
https://nursinghomeaudit.com/city/coleman,1970-01-01
https://nursinghomeaudit.com/city/college-station,1970-01-01
https://nursinghomeaudit.com/city/comfort,1970-01-01
https://nursinghomeaudit.com/city/commerce,1970-01-01
https://nursinghomeaudit.com/city/conroe,1970-01-01
https://nursinghomeaudit.com/city/converse,1970-01-01
https://nursinghomeaudit.com/city/cooper,1970-01-01
https://nursinghomeaudit.com/city/coppell,1970-01-01
https://nursinghomeaudit.com/city/corinth,1970-01-01
https://nursinghomeaudit.com/city/corrigan,1970-01-01
https://nursinghomeaudit.com/city/corsicana,1970-01-01
https://nursinghomeaudit.com/city/cotulla,1970-01-01
https://nursinghomeaudit.com/city/crockett,1970-01-01
https://nursinghomeaudit.com/city/crosbyton,1970-01-01
https://nursinghomeaudit.com/city/crowell,1970-01-01
https://nursinghomeaudit.com/city/crowley,1970-01-01
https://nursinghomeaudit.com/city/daingerfield,1970-01-01
https://nursinghomeaudit.com/city/dallas,1970-01-01
https://nursinghomeaudit.com/city/dayton,1970-01-01
https://nursinghomeaudit.com/city/de-leon,1970-01-01
https://nursinghomeaudit.com/city/decatur,1970-01-01
https://nursinghomeaudit.com/city/denton,1970-01-01
https://nursinghomeaudit.com/city/denver-city,1970-01-01
https://nursinghomeaudit.com/city/desoto,1970-01-01
https://nursinghomeaudit.com/city/devine,1970-01-01
https://nursinghomeaudit.com/city/diboll,1970-01-01
https://nursinghomeaudit.com/city/dripping-springs,1970-01-01
https://nursinghomeaudit.com/city/duncanville,1970-01-01
https://nursinghomeaudit.com/city/eagle-lake,1970-01-01
https://nursinghomeaudit.com/city/eagle-pass,1970-01-01
https://nursinghomeaudit.com/city/eastland,1970-01-01
https://nursinghomeaudit.com/city/eden,1970-01-01
https://nursinghomeaudit.com/city/edinburg,1970-01-01
https://nursinghomeaudit.com/city/edna,1970-01-01
https://nursinghomeaudit.com/city/el-campo,1970-01-01
https://nursinghomeaudit.com/city/el-paso,1970-01-01
https://nursinghomeaudit.com/city/eldorado,1970-01-01
https://nursinghomeaudit.com/city/electra,1970-01-01
https://nursinghomeaudit.com/city/elgin,1970-01-01
https://nursinghomeaudit.com/city/elkhart,1970-01-01
https://nursinghomeaudit.com/city/ennis,1970-01-01
https://nursinghomeaudit.com/city/flatonia,1970-01-01
https://nursinghomeaudit.com/city/floresville,1970-01-01
https://nursinghomeaudit.com/city/flower-mound,1970-01-01
https://nursinghomeaudit.com/city/forney,1970-01-01
https://nursinghomeaudit.com/city/fort-worth,1970-01-01
https://nursinghomeaudit.com/city/franklin,1970-01-01
https://nursinghomeaudit.com/city/fredericksburg,1970-01-01
https://nursinghomeaudit.com/city/friendswood,1970-01-01
https://nursinghomeaudit.com/city/friona,1970-01-01
https://nursinghomeaudit.com/city/frisco,1970-01-01
https://nursinghomeaudit.com/city/gainesville,1970-01-01
https://nursinghomeaudit.com/city/galveston,1970-01-01
https://nursinghomeaudit.com/city/ganado,1970-01-01
https://nursinghomeaudit.com/city/garland,1970-01-01
https://nursinghomeaudit.com/city/gatesville,1970-01-01
https://nursinghomeaudit.com/city/georgetown,1970-01-01
https://nursinghomeaudit.com/city/giddings,1970-01-01
https://nursinghomeaudit.com/city/gladewater,1970-01-01
https://nursinghomeaudit.com/city/glen-rose,1970-01-01
https://nursinghomeaudit.com/city/goldthwaite,1970-01-01
https://nursinghomeaudit.com/city/graham,1970-01-01
https://nursinghomeaudit.com/city/granbury,1970-01-01
https://nursinghomeaudit.com/city/grand-prairie,1970-01-01
https://nursinghomeaudit.com/city/grand-saline,1970-01-01
https://nursinghomeaudit.com/city/grapevine,1970-01-01
https://nursinghomeaudit.com/city/greenville,1970-01-01
https://nursinghomeaudit.com/city/groesbeck,1970-01-01
https://nursinghomeaudit.com/city/groves,1970-01-01
https://nursinghomeaudit.com/city/groveton,1970-01-01
https://nursinghomeaudit.com/city/hamilton,1970-01-01
https://nursinghomeaudit.com/city/hamlin,1970-01-01
https://nursinghomeaudit.com/city/harker-heights,1970-01-01
https://nursinghomeaudit.com/city/harlingen,1970-01-01
https://nursinghomeaudit.com/city/haskell,1970-01-01
https://nursinghomeaudit.com/city/hearne,1970-01-01
https://nursinghomeaudit.com/city/hemphill,1970-01-01
https://nursinghomeaudit.com/city/henderson,1970-01-01
https://nursinghomeaudit.com/city/henrietta,1970-01-01
https://nursinghomeaudit.com/city/hereford,1970-01-01
https://nursinghomeaudit.com/city/hewitt,1970-01-01
https://nursinghomeaudit.com/city/hico,1970-01-01
https://nursinghomeaudit.com/city/hondo,1970-01-01
https://nursinghomeaudit.com/city/honey-grove,1970-01-01
https://nursinghomeaudit.com/city/houston,1970-01-01
https://nursinghomeaudit.com/city/humble,1970-01-01
https://nursinghomeaudit.com/city/huntsville,1970-01-01
https://nursinghomeaudit.com/city/hurst,1970-01-01
https://nursinghomeaudit.com/city/iowa-park,1970-01-01
https://nursinghomeaudit.com/city/irving,1970-01-01
https://nursinghomeaudit.com/city/jacksboro,1970-01-01
https://nursinghomeaudit.com/city/jacksonville,1970-01-01
https://nursinghomeaudit.com/city/jefferson,1970-01-01
https://nursinghomeaudit.com/city/jourdanton,1970-01-01
https://nursinghomeaudit.com/city/karnes-city,1970-01-01
https://nursinghomeaudit.com/city/katy,1970-01-01
https://nursinghomeaudit.com/city/keene,1970-01-01
https://nursinghomeaudit.com/city/keller,1970-01-01
https://nursinghomeaudit.com/city/kemp,1970-01-01
https://nursinghomeaudit.com/city/kenedy,1970-01-01
https://nursinghomeaudit.com/city/kennedale,1970-01-01
https://nursinghomeaudit.com/city/kerens,1970-01-01
https://nursinghomeaudit.com/city/kerrville,1970-01-01
https://nursinghomeaudit.com/city/kilgore,1970-01-01
https://nursinghomeaudit.com/city/killeen,1970-01-01
https://nursinghomeaudit.com/city/kingsville,1970-01-01
https://nursinghomeaudit.com/city/knox-city,1970-01-01
https://nursinghomeaudit.com/city/kyle,1970-01-01
https://nursinghomeaudit.com/city/la-porte,1970-01-01
https://nursinghomeaudit.com/city/la-vernia,1970-01-01
https://nursinghomeaudit.com/city/lake-jackson,1970-01-01
https://nursinghomeaudit.com/city/lamesa,1970-01-01
https://nursinghomeaudit.com/city/lampasas,1970-01-01
https://nursinghomeaudit.com/city/league-city,1970-01-01
https://nursinghomeaudit.com/city/lindale,1970-01-01
https://nursinghomeaudit.com/city/linden,1970-01-01
https://nursinghomeaudit.com/city/littlefield,1970-01-01
https://nursinghomeaudit.com/city/live-oak,1970-01-01
https://nursinghomeaudit.com/city/llano,1970-01-01
https://nursinghomeaudit.com/city/lockhart,1970-01-01
https://nursinghomeaudit.com/city/longview,1970-01-01
https://nursinghomeaudit.com/city/lufkin,1970-01-01
https://nursinghomeaudit.com/city/luling,1970-01-01
https://nursinghomeaudit.com/city/lumberton,1970-01-01
https://nursinghomeaudit.com/city/lytle,1970-01-01
https://nursinghomeaudit.com/city/mabank,1970-01-01
https://nursinghomeaudit.com/city/malakoff,1970-01-01
https://nursinghomeaudit.com/city/manchaca,1970-01-01
https://nursinghomeaudit.com/city/mansfield,1970-01-01
https://nursinghomeaudit.com/city/marble-falls,1970-01-01
https://nursinghomeaudit.com/city/marlin,1970-01-01
https://nursinghomeaudit.com/city/mathis,1970-01-01
https://nursinghomeaudit.com/city/mc-allen,1970-01-01
https://nursinghomeaudit.com/city/mcallen,1970-01-01
https://nursinghomeaudit.com/city/mccamey,1970-01-01
https://nursinghomeaudit.com/city/mckinney,1970-01-01
https://nursinghomeaudit.com/city/mclean,1970-01-01
https://nursinghomeaudit.com/city/memphis,1970-01-01
https://nursinghomeaudit.com/city/merkel,1970-01-01
https://nursinghomeaudit.com/city/mesquite,1970-01-01
https://nursinghomeaudit.com/city/mexia,1970-01-01
https://nursinghomeaudit.com/city/midland,1970-01-01
https://nursinghomeaudit.com/city/midlothian,1970-01-01
https://nursinghomeaudit.com/city/mission,1970-01-01
https://nursinghomeaudit.com/city/missouri-city,1970-01-01
https://nursinghomeaudit.com/city/muleshoe,1970-01-01
https://nursinghomeaudit.com/city/munday,1970-01-01
https://nursinghomeaudit.com/city/navasota,1970-01-01
https://nursinghomeaudit.com/city/needville,1970-01-01
https://nursinghomeaudit.com/city/new-braunfels,1970-01-01
https://nursinghomeaudit.com/city/newton,1970-01-01
https://nursinghomeaudit.com/city/nocona,1970-01-01
https://nursinghomeaudit.com/city/odessa,1970-01-01
https://nursinghomeaudit.com/city/orange,1970-01-01
https://nursinghomeaudit.com/city/overton,1970-01-01
https://nursinghomeaudit.com/city/ozona,1970-01-01
https://nursinghomeaudit.com/city/palestine,1970-01-01
https://nursinghomeaudit.com/city/pampa,1970-01-01
https://nursinghomeaudit.com/city/paris,1970-01-01
https://nursinghomeaudit.com/city/pearland,1970-01-01
https://nursinghomeaudit.com/city/pearsall,1970-01-01
https://nursinghomeaudit.com/city/pecos,1970-01-01
https://nursinghomeaudit.com/city/perryton,1970-01-01
https://nursinghomeaudit.com/city/pflugerville,1970-01-01
https://nursinghomeaudit.com/city/pharr,1970-01-01
https://nursinghomeaudit.com/city/pilot-point,1970-01-01
https://nursinghomeaudit.com/city/pittsburg,1970-01-01
https://nursinghomeaudit.com/city/plainview,1970-01-01
https://nursinghomeaudit.com/city/port-arthur,1970-01-01
https://nursinghomeaudit.com/city/port-lavaca,1970-01-01
https://nursinghomeaudit.com/city/portland,1970-01-01
https://nursinghomeaudit.com/city/ralls,1970-01-01
https://nursinghomeaudit.com/city/ranger,1970-01-01
https://nursinghomeaudit.com/city/raymondville,1970-01-01
https://nursinghomeaudit.com/city/richardson,1970-01-01
https://nursinghomeaudit.com/city/richland-hills,1970-01-01
https://nursinghomeaudit.com/city/richmond,1970-01-01
https://nursinghomeaudit.com/city/richwood,1970-01-01
https://nursinghomeaudit.com/city/rising-star,1970-01-01
https://nursinghomeaudit.com/city/robert-lee,1970-01-01
https://nursinghomeaudit.com/city/robstown,1970-01-01
https://nursinghomeaudit.com/city/rockdale,1970-01-01
https://nursinghomeaudit.com/city/rockport,1970-01-01
https://nursinghomeaudit.com/city/rockwall,1970-01-01
https://nursinghomeaudit.com/city/rowlett,1970-01-01
https://nursinghomeaudit.com/city/rusk,1970-01-01
https://nursinghomeaudit.com/city/san-angelo,1970-01-01
https://nursinghomeaudit.com/city/san-antonio,1970-01-01
https://nursinghomeaudit.com/city/san-augustine,1970-01-01
https://nursinghomeaudit.com/city/san-diego,1970-01-01
https://nursinghomeaudit.com/city/san-juan,1970-01-01
https://nursinghomeaudit.com/city/san-marcos,1970-01-01
https://nursinghomeaudit.com/city/savoy,1970-01-01
https://nursinghomeaudit.com/city/schulenburg,1970-01-01
https://nursinghomeaudit.com/city/seagoville,1970-01-01
https://nursinghomeaudit.com/city/seguin,1970-01-01
https://nursinghomeaudit.com/city/shepherd,1970-01-01
https://nursinghomeaudit.com/city/sherman,1970-01-01
https://nursinghomeaudit.com/city/shiner,1970-01-01
https://nursinghomeaudit.com/city/silsbee,1970-01-01
https://nursinghomeaudit.com/city/slaton,1970-01-01
https://nursinghomeaudit.com/city/smithville,1970-01-01
https://nursinghomeaudit.com/city/southlake,1970-01-01
https://nursinghomeaudit.com/city/spearman,1970-01-01
https://nursinghomeaudit.com/city/spring-branch,1970-01-01
https://nursinghomeaudit.com/city/stephenville,1970-01-01
https://nursinghomeaudit.com/city/stratford,1970-01-01
https://nursinghomeaudit.com/city/sugar-land,1970-01-01
https://nursinghomeaudit.com/city/sulphur-springs,1970-01-01
https://nursinghomeaudit.com/city/sweetwater,1970-01-01
https://nursinghomeaudit.com/city/taylor,1970-01-01
https://nursinghomeaudit.com/city/teague,1970-01-01
https://nursinghomeaudit.com/city/temple,1970-01-01
https://nursinghomeaudit.com/city/terrell,1970-01-01
https://nursinghomeaudit.com/city/texarkana,1970-01-01
https://nursinghomeaudit.com/city/texas-city,1970-01-01
https://nursinghomeaudit.com/city/the-woodlands,1970-01-01
https://nursinghomeaudit.com/city/tomball,1970-01-01
https://nursinghomeaudit.com/city/tyler,1970-01-01
https://nursinghomeaudit.com/city/uvalde,1970-01-01
https://nursinghomeaudit.com/city/van-alstyne,1970-01-01
https://nursinghomeaudit.com/city/vernon,1970-01-01
https://nursinghomeaudit.com/city/victoria,1970-01-01
https://nursinghomeaudit.com/city/vidor,1970-01-01
https://nursinghomeaudit.com/city/webster,1970-01-01
https://nursinghomeaudit.com/city/white-settlement,1970-01-01
https://nursinghomeaudit.com/city/whitehouse,1970-01-01
https://nursinghomeaudit.com/city/whitesboro,1970-01-01
https://nursinghomeaudit.com/city/whitney,1970-01-01
https://nursinghomeaudit.com/city/wichita-falls,1970-01-01
https://nursinghomeaudit.com/city/willis,1970-01-01
https://nursinghomeaudit.com/city/willow-park,1970-01-01
https://nursinghomeaudit.com/city/wills-point,1970-01-01
https://nursinghomeaudit.com/city/wimberley,1970-01-01
https://nursinghomeaudit.com/city/winnie,1970-01-01
https://nursinghomeaudit.com/city/winnsboro,1970-01-01
https://nursinghomeaudit.com/city/woodville,1970-01-01
https://nursinghomeaudit.com/city/yoakum,1970-01-01
https://nursinghomeaudit.com/city/yorktown,1970-01-01
https://nursinghomeaudit.com/city/zapata,1970-01-01
https://nursinghomeaudit.com/contact,1970-01-01
https://nursinghomeaudit.com/facility/0029bb2d-bcf7-4f90-b37e-c2b4462c96ca,1970-01-01
https://nursinghomeaudit.com/facility/00431db7-c1a9-4d6e-b863-50c99434d590,1970-01-01
https://nursinghomeaudit.com/facility/0049e678-33f9-4891-83ed-ed9d6feb5583,1970-01-01
https://nursinghomeaudit.com/facility/0107f930-1fc9-40b1-93a0-07c15644d5c6,1970-01-01
https://nursinghomeaudit.com/facility/01650cd3-7a58-48fb-8b85-bf73369f4c88,1970-01-01
https://nursinghomeaudit.com/facility/02039ee8-1156-489f-b3b3-6e1500064ffa,1970-01-01
https://nursinghomeaudit.com/facility/020b98d7-4e28-47a2-b539-fa1f44efbf9a,1970-01-01
https://nursinghomeaudit.com/facility/0278670a-ea5b-42fd-b410-a35e114a1245,1970-01-01
https://nursinghomeaudit.com/facility/027b5eb5-68c6-49d7-975e-7c06780dce74,1970-01-01
https://nursinghomeaudit.com/facility/02dfd778-d245-481c-9ec3-eae7fc7e1353,1970-01-01
https://nursinghomeaudit.com/facility/036a00e1-3689-4149-95a6-45706ef4268c,1970-01-01
https://nursinghomeaudit.com/facility/047e9a24-0373-4a65-acee-2c90d3a66466,1970-01-01
https://nursinghomeaudit.com/facility/05cfefcf-c2d0-474e-943a-e2af739e5d7b,1970-01-01
https://nursinghomeaudit.com/facility/05dc9cad-ea1e-4c0f-a607-30b6e89c428a,1970-01-01
https://nursinghomeaudit.com/facility/05deb3f6-11df-4130-9705-efc4f17772d4,1970-01-01
https://nursinghomeaudit.com/facility/0665bf82-60be-402a-848e-72ab8b712e10,1970-01-01
https://nursinghomeaudit.com/facility/066f7206-3ec2-4e05-8462-a0324f96e2b3,1970-01-01
https://nursinghomeaudit.com/facility/0690b2c5-11f9-4337-bc83-f919e86140ea,1970-01-01
https://nursinghomeaudit.com/facility/06b232fa-a2b4-4569-97e3-501adb054675,1970-01-01
https://nursinghomeaudit.com/facility/07379d02-4218-4425-b09a-6ea8307115bf,1970-01-01
https://nursinghomeaudit.com/facility/07955e8c-0c46-49b9-8a95-70300270b2b5,1970-01-01
https://nursinghomeaudit.com/facility/07a4396c-6f36-4842-a4b0-16cb557c9bf9,1970-01-01
https://nursinghomeaudit.com/facility/07cf79f4-7fe1-4eba-b3d3-424a9c996ea1,1970-01-01
https://nursinghomeaudit.com/facility/07e93ac0-4b81-4b9a-b508-0e9eed5efccb,1970-01-01
https://nursinghomeaudit.com/facility/08832555-ddb6-41a4-aea7-a3bb7c17a68c,1970-01-01
https://nursinghomeaudit.com/facility/0a2d76d9-b2fc-49d2-af19-4755421c5836,1970-01-01
https://nursinghomeaudit.com/facility/0ae05c90-5822-4c21-8bf1-af8b3f205806,1970-01-01
https://nursinghomeaudit.com/facility/0b2beee8-5fbc-423a-b07a-c57663ad7fe4,1970-01-01
https://nursinghomeaudit.com/facility/0ba9df06-000e-4dea-b026-8467c8a4779f,1970-01-01
https://nursinghomeaudit.com/facility/0beaadbf-5a20-419f-ae11-f69c938be541,1970-01-01
https://nursinghomeaudit.com/facility/0beef496-e0c8-4bcb-91d3-71a7aa1d989e,1970-01-01
https://nursinghomeaudit.com/facility/0c2ee833-e90f-49ed-b074-b85a9139cb07,1970-01-01
https://nursinghomeaudit.com/facility/0c434a68-f47c-45a7-b4e1-2475fee12f3d,1970-01-01
https://nursinghomeaudit.com/facility/0c676555-6b6f-41c4-a3ee-1a1bbf9b1880,1970-01-01
https://nursinghomeaudit.com/facility/0d1ce767-5c01-4185-9486-ef45a8ee49fa,1970-01-01
https://nursinghomeaudit.com/facility/0dedb89a-23fb-4045-b10e-84c4646551cd,1970-01-01
https://nursinghomeaudit.com/facility/0e134c81-ff2e-4554-a3ca-fa9132503f93,1970-01-01
https://nursinghomeaudit.com/facility/0e9cbcea-be42-433a-8741-e1509ec04e5f,1970-01-01
https://nursinghomeaudit.com/facility/0f8bfc75-5c8f-4b72-b247-c47e15f36f83,1970-01-01
https://nursinghomeaudit.com/facility/0f906426-1218-43e2-8a42-9afeab0018f2,1970-01-01
https://nursinghomeaudit.com/facility/0fa5c571-2d05-4a79-b2fa-f8bce91e1fe8,1970-01-01
https://nursinghomeaudit.com/facility/0faeb76d-f77a-4316-89dc-eb9357f3d0b4,1970-01-01
https://nursinghomeaudit.com/facility/0fd5ea8c-09ad-4e23-aed3-f11ff59490b0,1970-01-01
https://nursinghomeaudit.com/facility/1001c1d5-e2ff-4854-a5d7-6757b1bfc45d,1970-01-01
https://nursinghomeaudit.com/facility/1022fced-543d-4675-8326-f16e11e49dec,1970-01-01
https://nursinghomeaudit.com/facility/107131ba-7104-4f8a-8f68-46ba9df96467,1970-01-01
https://nursinghomeaudit.com/facility/10c1919d-5a46-4ad2-82fb-b0a1d0cb29b5,1970-01-01
https://nursinghomeaudit.com/facility/10f9aac2-e0a8-4610-a202-cc499e94c79f,1970-01-01
https://nursinghomeaudit.com/facility/11d5c28e-fdd7-4fbd-8f39-19ecc5de9b25,1970-01-01
https://nursinghomeaudit.com/facility/120e183e-06d7-4df7-8933-738734b70786,1970-01-01
https://nursinghomeaudit.com/facility/1278da00-609a-45e8-be67-5bc2614baa9d,1970-01-01
https://nursinghomeaudit.com/facility/1287edbd-7fb2-4fe3-a5c2-44fcec51118a,1970-01-01
https://nursinghomeaudit.com/facility/12d19f8a-3a54-4f42-999f-b2ab3d442f6b,1970-01-01
https://nursinghomeaudit.com/facility/13259f54-5435-48c1-96f9-7b36025ae15b,1970-01-01
https://nursinghomeaudit.com/facility/1349d791-ef16-48fc-b1ff-20ed0c2f9f44,1970-01-01
https://nursinghomeaudit.com/facility/13a6e448-756a-4370-aee8-bbfb07fcd4e9,1970-01-01
https://nursinghomeaudit.com/facility/13fdd0d9-1935-479c-a551-d4e6c703ed51,1970-01-01
https://nursinghomeaudit.com/facility/1425aa9c-635b-439a-9337-37256ad2b54c,1970-01-01
https://nursinghomeaudit.com/facility/14c23ece-241c-483b-b519-0f139efcc666,1970-01-01
https://nursinghomeaudit.com/facility/15467229-579c-4385-a498-edacfe2e6812,1970-01-01
https://nursinghomeaudit.com/facility/1587a103-ea75-494d-8f13-743d4be0546e,1970-01-01
https://nursinghomeaudit.com/facility/15f7c175-16c5-40a1-b656-0e808fc3702a,1970-01-01
https://nursinghomeaudit.com/facility/170812dc-841a-486f-b57c-1e789868fbe3,1970-01-01
https://nursinghomeaudit.com/facility/172ef990-5a03-4210-92fc-bf4e9932401b,1970-01-01
https://nursinghomeaudit.com/facility/17e65707-13bf-4910-a867-0a168ec5a051,1970-01-01
https://nursinghomeaudit.com/facility/1849c946-b00c-4691-9c05-f056c7daa3eb,1970-01-01
https://nursinghomeaudit.com/facility/18715b51-a624-495c-8f65-f8d9fc6ff0c5,1970-01-01
https://nursinghomeaudit.com/facility/18ddd02f-80a4-4c67-9ead-60231d4dd089,1970-01-01
https://nursinghomeaudit.com/facility/18e85760-f0ce-46d2-9c07-34645a3056cc,1970-01-01
https://nursinghomeaudit.com/facility/196878cd-a3d4-448c-97f4-c515b46df4c5,1970-01-01
https://nursinghomeaudit.com/facility/19727f32-0342-416f-887e-59851c5d11c6,1970-01-01
https://nursinghomeaudit.com/facility/198a76e2-8360-4920-80be-2b611862a713,1970-01-01
https://nursinghomeaudit.com/facility/1a288455-b5d2-4c52-b1e0-f984c0a20eb5,1970-01-01
https://nursinghomeaudit.com/facility/1a2fd754-336b-45bd-bca4-cd2becfa5a88,1970-01-01
https://nursinghomeaudit.com/facility/1ae7cd07-f5f8-43d1-a01d-110d10b4d438,1970-01-01
https://nursinghomeaudit.com/facility/1b100e18-5cde-4926-aa66-bc350cf29a7c,1970-01-01
https://nursinghomeaudit.com/facility/1b1d32fb-d619-468e-b1b6-f47d3a35a2b1,1970-01-01
https://nursinghomeaudit.com/facility/1c17cc7d-5241-4870-b847-a7bce19ed2f1,1970-01-01
https://nursinghomeaudit.com/facility/1c1b5c39-771e-42a1-a3d2-c2e4e4295a7f,1970-01-01
https://nursinghomeaudit.com/facility/1c2f7c92-5262-44d0-95ec-f3c24711481a,1970-01-01
https://nursinghomeaudit.com/facility/1c83b6b6-c42e-4ed6-a38a-2a366d7917a0,1970-01-01
https://nursinghomeaudit.com/facility/1cff2b49-5bef-4a08-9ec6-223663a1bf70,1970-01-01
https://nursinghomeaudit.com/facility/1dd7b504-1470-4dfd-8eaa-191c2dc633f1,1970-01-01
https://nursinghomeaudit.com/facility/1e3d29fc-e98f-4f2b-beef-8255f20a9fad,1970-01-01
https://nursinghomeaudit.com/facility/1ec60043-406a-4a1d-b642-a2cfdf60ce65,1970-01-01
https://nursinghomeaudit.com/facility/1f0ebc56-bee9-4612-9c8c-69c9cc4e4f9a,1970-01-01
https://nursinghomeaudit.com/facility/1f5da096-f8b0-463b-9502-a20f19b4d95a,1970-01-01
https://nursinghomeaudit.com/facility/1fe17b76-1b70-4fa1-bd00-e4c16502c4e0,1970-01-01
https://nursinghomeaudit.com/facility/200acd6f-88a0-450e-ae12-7f23a3b660f0,1970-01-01
https://nursinghomeaudit.com/facility/20c1b1a5-974d-4286-ab04-81b2342c8cd9,1970-01-01
https://nursinghomeaudit.com/facility/20eabf4c-1862-4213-ad57-85a3818fed1c,1970-01-01
https://nursinghomeaudit.com/facility/211babdc-5bb5-411e-a177-869a9dc33236,1970-01-01
https://nursinghomeaudit.com/facility/22840d64-6701-4418-b12c-8b3947474d39,1970-01-01
https://nursinghomeaudit.com/facility/229fb1dd-ddbd-4cff-9ded-18ea2ca8c448,1970-01-01
https://nursinghomeaudit.com/facility/23d81307-5701-4366-87b9-2f6b52db912c,1970-01-01
https://nursinghomeaudit.com/facility/23eddfe3-7a6f-494e-9f54-4efa3f89fa2b,1970-01-01
https://nursinghomeaudit.com/facility/24e1088f-8385-4f32-b082-139e3c9273a9,1970-01-01
https://nursinghomeaudit.com/facility/257e12e9-066a-407c-8ea5-22b780aab6f8,1970-01-01
https://nursinghomeaudit.com/facility/26c58e4a-f2bf-45c2-ae59-ab1bbde4e88b,1970-01-01
https://nursinghomeaudit.com/facility/271620d8-c2b5-4664-9a0b-fdd545327295,1970-01-01
https://nursinghomeaudit.com/facility/272293f6-1fd6-4579-b598-2ce78031d756,1970-01-01
https://nursinghomeaudit.com/facility/27900ea2-e15d-4a8b-93d7-b73fdd635b8c,1970-01-01
https://nursinghomeaudit.com/facility/27d6dca2-01f7-4027-8f82-94a58792e3ab,1970-01-01
https://nursinghomeaudit.com/facility/2837c399-cd22-4366-acce-51c39192605c,1970-01-01
https://nursinghomeaudit.com/facility/2840c4fd-f507-4f32-9c78-1e52f431b529,1970-01-01
https://nursinghomeaudit.com/facility/286e3854-8785-43ab-bea8-f3a76df467b0,1970-01-01
https://nursinghomeaudit.com/facility/287568de-9cd1-4b90-b459-704c8a335547,1970-01-01
https://nursinghomeaudit.com/facility/28919295-0a58-45dd-a198-6436afc55fbf,1970-01-01
https://nursinghomeaudit.com/facility/2897684b-b4ae-4274-8d14-1f5527341d4d,1970-01-01
https://nursinghomeaudit.com/facility/299607f5-fdfe-4a9e-af5f-0af66ef5fce0,1970-01-01
https://nursinghomeaudit.com/facility/29b4254d-f18b-4a25-9709-2f6ac27038cb,1970-01-01
https://nursinghomeaudit.com/facility/2a5bcd99-9100-4fb4-9ec5-880e7bc2b6b7,1970-01-01
https://nursinghomeaudit.com/facility/2bd9741e-a86e-4aac-a2c5-37d22deb5314,1970-01-01
https://nursinghomeaudit.com/facility/2bf03119-62a4-410a-92ec-4d62e7b5fad5,1970-01-01
https://nursinghomeaudit.com/facility/2c612e48-55c7-4cf2-a8b2-bb91a298d123,1970-01-01
https://nursinghomeaudit.com/facility/2cac5bbf-0502-4531-ac17-ab56cd10bee0,1970-01-01
https://nursinghomeaudit.com/facility/2cc10132-9845-48fa-a943-403bdeac6281,1970-01-01
https://nursinghomeaudit.com/facility/2d0101f0-cd91-4a54-a344-fa8f42634d0a,1970-01-01
https://nursinghomeaudit.com/facility/2d4209d9-9dde-4062-b705-0d67ad492ecd,1970-01-01
https://nursinghomeaudit.com/facility/2d7db4fa-7d97-41e1-bc7e-abdba8568cc9,1970-01-01
https://nursinghomeaudit.com/facility/2d8547f2-2ff8-464c-8bab-121630e8323d,1970-01-01
https://nursinghomeaudit.com/facility/2e91f7f8-c980-4074-ae5e-b14b36eb3385,1970-01-01
https://nursinghomeaudit.com/facility/2edc6a58-4a3f-4ff4-b1ea-cd27a492e631,1970-01-01
https://nursinghomeaudit.com/facility/2eef07f3-d672-4f1f-89c0-fa59ca1deeb3,1970-01-01
https://nursinghomeaudit.com/facility/2f900af9-df03-49b7-89d5-ebfb9a054f95,1970-01-01
https://nursinghomeaudit.com/facility/2fa1225f-6b0d-4240-964e-a8e467c5aa3b,1970-01-01
https://nursinghomeaudit.com/facility/301155ec-ced7-4ec8-b7c3-03626ac20ec9,1970-01-01
https://nursinghomeaudit.com/facility/302a0faf-c8fb-49ff-a202-b947dfa8d57f,1970-01-01
https://nursinghomeaudit.com/facility/309142bc-9bb6-405e-bf8e-19b40e1a405c,1970-01-01
https://nursinghomeaudit.com/facility/30cfb8aa-2bc4-4458-ba1d-8d99175aa2cf,1970-01-01
https://nursinghomeaudit.com/facility/30d03b07-c2e0-45ed-8c73-d65b4ebd037e,1970-01-01
https://nursinghomeaudit.com/facility/3121ead4-e4ab-4df7-97e5-7844ed39d644,1970-01-01
https://nursinghomeaudit.com/facility/317990c6-a02a-4213-9320-090e41e1e70a,1970-01-01
https://nursinghomeaudit.com/facility/31b10dd1-7587-4679-a4c5-ba565f7f9c96,1970-01-01
https://nursinghomeaudit.com/facility/31cbf58d-2e6e-458f-ad37-c6f9ae79a41f,1970-01-01
https://nursinghomeaudit.com/facility/31e2635b-a152-4a6c-8510-1d02be6706ae,1970-01-01
https://nursinghomeaudit.com/facility/321c9dc5-ef3d-4152-b168-8cb179b31a02,1970-01-01
https://nursinghomeaudit.com/facility/3258e607-80b9-48e1-b138-1d118ad899d2,1970-01-01
https://nursinghomeaudit.com/facility/329eba21-6bb9-4c05-a230-16d10750882b,1970-01-01
https://nursinghomeaudit.com/facility/32eb3bf0-88ac-44b9-b608-af7e10080817,1970-01-01
https://nursinghomeaudit.com/facility/33020260-cbff-43c1-8c62-39e10ed60d70,1970-01-01
https://nursinghomeaudit.com/facility/33099b72-2c1a-49af-9543-8fb77938be00,1970-01-01
https://nursinghomeaudit.com/facility/335b3aa3-c53a-4880-9d56-09b29cc67b67,1970-01-01
https://nursinghomeaudit.com/facility/336457ad-9f80-42ab-9789-965adb2f2eac,1970-01-01
https://nursinghomeaudit.com/facility/351a89b0-c67e-4336-837e-087016f70fbe,1970-01-01
https://nursinghomeaudit.com/facility/3563ef7c-3a82-4d8e-9c17-2c76edaf45af,1970-01-01
https://nursinghomeaudit.com/facility/356c2e80-4447-404e-b7ce-4750fd9661b2,1970-01-01
https://nursinghomeaudit.com/facility/36b17a55-cb43-49cf-b707-dfa85ab0729f,1970-01-01
https://nursinghomeaudit.com/facility/37032e66-bb9d-4e75-a649-f85c856876c6,1970-01-01
https://nursinghomeaudit.com/facility/37a53e4a-fa24-45c0-8f31-b8dc587fa30f,1970-01-01
https://nursinghomeaudit.com/facility/37a67bde-1622-4695-bbe6-588494929fc6,1970-01-01
https://nursinghomeaudit.com/facility/37b0c836-49c3-47c3-88c4-2991746def7d,1970-01-01
https://nursinghomeaudit.com/facility/37c87230-d2c7-48d4-ae2f-811784b13a95,1970-01-01
https://nursinghomeaudit.com/facility/37e0fce0-ac3d-4477-ad6d-835f0e299a2a,1970-01-01
https://nursinghomeaudit.com/facility/380d4916-641b-439b-835c-5fad35a71d81,1970-01-01
https://nursinghomeaudit.com/facility/381b61e4-1525-4918-8d8a-84af66186990,1970-01-01
https://nursinghomeaudit.com/facility/38382218-4530-490f-9a0a-01c1f6c4a12a,1970-01-01
https://nursinghomeaudit.com/facility/385edeed-d2fc-4716-a0c9-37a6e67262e4,1970-01-01
https://nursinghomeaudit.com/facility/38637069-d059-4d16-b9cf-ece33fc6e883,1970-01-01
https://nursinghomeaudit.com/facility/387eadd8-b98c-479a-8086-f74d347ac76b,1970-01-01
https://nursinghomeaudit.com/facility/39658d70-0cca-4856-a800-7420cf7207c7,1970-01-01
https://nursinghomeaudit.com/facility/396870cb-3b00-49ca-9d45-1e8347a2d8a8,1970-01-01
https://nursinghomeaudit.com/facility/396e17ec-8b5e-4d9d-8c43-b3e648236901,1970-01-01
https://nursinghomeaudit.com/facility/3983af40-2e4d-47f0-bd39-1570e9a1ecdf,1970-01-01
https://nursinghomeaudit.com/facility/39d800df-bd46-4c81-ab8d-9b99ca5ccdd6,1970-01-01
https://nursinghomeaudit.com/facility/3a2cab47-e711-46f6-b278-0faecda94d2a,1970-01-01
https://nursinghomeaudit.com/facility/3a42ae66-4a6b-486a-b092-63b1b711822e,1970-01-01
https://nursinghomeaudit.com/facility/3b0963be-c459-4c92-9026-b19f5ed24180,1970-01-01
https://nursinghomeaudit.com/facility/3b1c437b-83ed-4f8b-970c-4601fcc42b19,1970-01-01
https://nursinghomeaudit.com/facility/3b2080b6-5c8f-465f-8fce-637c2e16bbba,1970-01-01
https://nursinghomeaudit.com/facility/3b346090-d162-4617-ba2d-621281fcca83,1970-01-01
https://nursinghomeaudit.com/facility/3b58836b-1a51-4a57-b240-623a8f656a0e,1970-01-01
https://nursinghomeaudit.com/facility/3c43e2fc-1a53-44f1-96b1-618bc0f14999,1970-01-01
https://nursinghomeaudit.com/facility/3c56e772-ca08-4441-bf1d-55651da7a9e4,1970-01-01
https://nursinghomeaudit.com/facility/3d841dfd-dd47-42e5-9926-804868fd3b91,1970-01-01
https://nursinghomeaudit.com/facility/3d959eb3-135d-44fc-a634-a744829cf6dc,1970-01-01
https://nursinghomeaudit.com/facility/3d98cfaa-bd17-43aa-a492-08d34ff0088d,1970-01-01
https://nursinghomeaudit.com/facility/3dfc5763-6c4f-46d2-85c1-e073f8f417bc,1970-01-01
https://nursinghomeaudit.com/facility/3e3c67d5-e5ff-42d1-b6f1-a8af65606d6a,1970-01-01
https://nursinghomeaudit.com/facility/40b21190-58d4-4e28-bb55-bde541f3b396,1970-01-01
https://nursinghomeaudit.com/facility/40b66cc6-58c5-42e1-9eef-208daf0607af,1970-01-01
https://nursinghomeaudit.com/facility/40ba98b0-1f7b-4737-9c73-d5b5684f1261,1970-01-01
https://nursinghomeaudit.com/facility/4118cd40-5526-4979-a2ec-71df4c9efa0f,1970-01-01
https://nursinghomeaudit.com/facility/411b0f47-cfb8-4bad-b321-c8ecb3a644fd,1970-01-01
https://nursinghomeaudit.com/facility/425dbc62-04d2-457b-b186-50bb4bbba3d4,1970-01-01
https://nursinghomeaudit.com/facility/42c7cd0c-7f65-4070-960d-d0fa21de43d9,1970-01-01
https://nursinghomeaudit.com/facility/42d10645-b4ec-44bd-b9f7-e0bd68932caa,1970-01-01
https://nursinghomeaudit.com/facility/43c4674b-bc01-4f55-9f2b-ca472d4ece75,1970-01-01
https://nursinghomeaudit.com/facility/446e60cc-f994-42d2-b860-8279b3097fa8,1970-01-01
https://nursinghomeaudit.com/facility/44ab963d-da86-4a00-8138-abd01049beb8,1970-01-01
https://nursinghomeaudit.com/facility/450ae8b8-bc62-47c4-a72c-2d6dda91ce0d,1970-01-01
https://nursinghomeaudit.com/facility/457dcaf3-9674-4c07-b78d-7c88aebd26e3,1970-01-01
https://nursinghomeaudit.com/facility/45b9a3dc-e8a6-4172-baba-b60bfa65f3ce,1970-01-01
https://nursinghomeaudit.com/facility/45cf2e41-8696-4a35-b6a2-ba5a837e78b4,1970-01-01
https://nursinghomeaudit.com/facility/464f684b-8911-4e40-b827-300bfe082c39,1970-01-01
https://nursinghomeaudit.com/facility/46d0b4e0-a9b2-458c-8eba-9fd85f751691,1970-01-01
https://nursinghomeaudit.com/facility/46e89436-1f80-4446-a8b7-f56c88e79d37,1970-01-01
https://nursinghomeaudit.com/facility/472a6ab2-13db-4a35-9429-6c0f4c89ef7a,1970-01-01
https://nursinghomeaudit.com/facility/47b24b3f-f4a1-4f60-a456-a90220d7b54d,1970-01-01
https://nursinghomeaudit.com/facility/47e94b32-947d-442a-b94a-24cd13a7d172,1970-01-01
https://nursinghomeaudit.com/facility/48bdcded-52bf-4511-90a6-40d51fc0275c,1970-01-01
https://nursinghomeaudit.com/facility/495222c5-e23e-4ecc-a6f9-3db7e970abcd,1970-01-01
https://nursinghomeaudit.com/facility/498d190d-d75a-41ce-8729-2a305d408a4c,1970-01-01
https://nursinghomeaudit.com/facility/49a983cf-bea9-4d04-968c-5efdd91cac4d,1970-01-01
https://nursinghomeaudit.com/facility/4a24fa9c-e52d-4abc-9fda-c4d235bbc5ee,1970-01-01
https://nursinghomeaudit.com/facility/4a89f2db-02dc-4b2d-9c20-84bdf97f582d,1970-01-01
https://nursinghomeaudit.com/facility/4aa3fb28-b7ca-435c-9770-8683cbd59d73,1970-01-01
https://nursinghomeaudit.com/facility/4abf14fa-aa74-4f7d-8cc9-e6e4388adca8,1970-01-01
https://nursinghomeaudit.com/facility/4b26a605-4a1b-4eab-bc9f-2d715119a76a,1970-01-01
https://nursinghomeaudit.com/facility/4bb4ea07-adc0-4229-99cc-93e503a94c0b,1970-01-01
https://nursinghomeaudit.com/facility/4bf30e8e-4eb5-4030-9a35-9d48023ff931,1970-01-01
https://nursinghomeaudit.com/facility/4c4a2c55-a174-466e-8a90-bb7ff1ef5c18,1970-01-01
https://nursinghomeaudit.com/facility/4c4a6614-ec19-4761-a7f3-de654fea9289,1970-01-01
https://nursinghomeaudit.com/facility/4c945014-327b-4a8c-a87e-61cc4c1d1339,1970-01-01
https://nursinghomeaudit.com/facility/4d0a8bde-9c62-4cfb-b68d-bba3ad57bd93,1970-01-01
https://nursinghomeaudit.com/facility/4d15394c-000a-4756-9dbe-44d1ae6faeb2,1970-01-01
https://nursinghomeaudit.com/facility/4d17d658-8926-49cd-89e0-532ee2b787b8,1970-01-01
https://nursinghomeaudit.com/facility/4d8fc012-32c8-45a4-9ce1-1843f9a7e112,1970-01-01
https://nursinghomeaudit.com/facility/4ec858ee-7fc4-4a22-8bfc-04862c6b8e9c,1970-01-01
https://nursinghomeaudit.com/facility/4ed51099-821a-463a-9f68-d0e2f55adbc5,1970-01-01
https://nursinghomeaudit.com/facility/4f2528ae-90bd-4142-b249-b79f79600882,1970-01-01
https://nursinghomeaudit.com/facility/4f71cf19-96d7-43c3-a31f-d625e95ed7de,1970-01-01
https://nursinghomeaudit.com/facility/4f78b9c9-2a6a-4ebb-a669-06f217f62881,1970-01-01
https://nursinghomeaudit.com/facility/4fb5069a-dc1b-4288-ad97-8e47dd85776c,1970-01-01
https://nursinghomeaudit.com/facility/4fbb2ef9-151c-4569-9fa3-ea629d4d4d49,1970-01-01
https://nursinghomeaudit.com/facility/4fead654-bc3e-4114-a38b-0c180fc420a7,1970-01-01
https://nursinghomeaudit.com/facility/4ff99af0-7fea-4e96-96a8-9e54e7966374,1970-01-01
https://nursinghomeaudit.com/facility/5014e29e-a80f-4a45-b40b-cc180b01cab6,1970-01-01
https://nursinghomeaudit.com/facility/50e9c44f-2a30-463d-81ca-a18fc4d827b2,1970-01-01
https://nursinghomeaudit.com/facility/5133a955-4669-4c0c-aa67-0197d21d8a09,1970-01-01
https://nursinghomeaudit.com/facility/5136d7d7-0d92-4e93-b891-edcbfb2d0183,1970-01-01
https://nursinghomeaudit.com/facility/513aa29d-43c9-42da-a12d-c0ab4e6ba80a,1970-01-01
https://nursinghomeaudit.com/facility/516cc67e-4412-416d-bab0-b33b6fb01c7f,1970-01-01
https://nursinghomeaudit.com/facility/51775b21-360e-4ab6-afc8-5932072b6726,1970-01-01
https://nursinghomeaudit.com/facility/5194efc6-36b5-4fcd-bbe6-c38f00a7a238,1970-01-01
https://nursinghomeaudit.com/facility/51c0342a-b045-4c41-b12b-e1f55917e6d8,1970-01-01
https://nursinghomeaudit.com/facility/51c79b05-6ca9-4b94-9d45-8e2d64f890bf,1970-01-01
https://nursinghomeaudit.com/facility/5234825b-88d7-49c1-8518-e1c0389ca221,1970-01-01
https://nursinghomeaudit.com/facility/5259a5c9-89e5-4358-99d3-bd4dcd2ffb5c,1970-01-01
https://nursinghomeaudit.com/facility/52fe3806-1482-4c1e-8485-6f602544c6ee,1970-01-01
https://nursinghomeaudit.com/facility/536eb165-8fc0-4216-b672-4d6478dce4f7,1970-01-01
https://nursinghomeaudit.com/facility/53d6eaf6-ad93-4d39-886d-d79d5ac92137,1970-01-01
https://nursinghomeaudit.com/facility/54bbc3cb-f403-41de-a4d3-3406a09f1a5d,1970-01-01
https://nursinghomeaudit.com/facility/552c7d3c-58a5-4415-bdb1-ab3d887e05ee,1970-01-01
https://nursinghomeaudit.com/facility/5558a621-aa59-40fb-b2f5-7827cc65be26,1970-01-01
https://nursinghomeaudit.com/facility/558e72c4-d11e-491a-9459-02156db39f70,1970-01-01
https://nursinghomeaudit.com/facility/560b7c42-c8ec-4c6d-b459-692e793fe4b4,1970-01-01
https://nursinghomeaudit.com/facility/567983ea-0764-4c51-befd-b2b1dcea2a4f,1970-01-01
https://nursinghomeaudit.com/facility/57214faf-6034-4054-bebf-1d3aab2af692,1970-01-01
https://nursinghomeaudit.com/facility/58937077-3479-4653-9b21-b9ea76da1f8a,1970-01-01
https://nursinghomeaudit.com/facility/58b3e828-e823-400e-a5ca-515ce47dd395,1970-01-01
https://nursinghomeaudit.com/facility/58d7c199-ee32-4f97-a637-cde0900c7e97,1970-01-01
https://nursinghomeaudit.com/facility/59365e31-e357-43e0-a657-45458f00deb0,1970-01-01
https://nursinghomeaudit.com/facility/59da13f8-2879-4b98-b52e-d7675124f489,1970-01-01
https://nursinghomeaudit.com/facility/59e465e9-cced-482e-8d0c-e9f168aa26ae,1970-01-01
https://nursinghomeaudit.com/facility/5a998a78-567b-4e17-8025-fb6a638cc6a1,1970-01-01
https://nursinghomeaudit.com/facility/5ae74ae7-1f61-4537-b28e-9479ded101fa,1970-01-01
https://nursinghomeaudit.com/facility/5afe85f9-e2e0-4206-ac58-8fa8039bd842,1970-01-01
https://nursinghomeaudit.com/facility/5bb6de57-e6cd-43f1-bf87-f81dcfe56f89,1970-01-01
https://nursinghomeaudit.com/facility/5bbea12d-868e-455c-8165-0a7cfb0e6f97,1970-01-01
https://nursinghomeaudit.com/facility/5bd62783-4669-4471-a5af-b90456de88d1,1970-01-01
https://nursinghomeaudit.com/facility/5bea0b6c-8fa1-4c15-9ec0-fb2a8ea5a22a,1970-01-01
https://nursinghomeaudit.com/facility/5cb48ed1-52f0-415c-9485-5141b1cb5cc2,1970-01-01
https://nursinghomeaudit.com/facility/5cfab589-a791-4cb9-b5d4-55c2cf53a817,1970-01-01
https://nursinghomeaudit.com/facility/5d594087-cfe0-48bc-9934-848d85e4a46e,1970-01-01
https://nursinghomeaudit.com/facility/5d8ea623-46ad-46aa-9cd5-a3fffb934816,1970-01-01
https://nursinghomeaudit.com/facility/5da42768-ed25-44e7-9dec-e78af01db72a,1970-01-01
https://nursinghomeaudit.com/facility/5dfdd3fe-5758-4cd9-83e3-51105a42769d,1970-01-01
https://nursinghomeaudit.com/facility/5e8e3615-bf48-4c15-baf5-c690f6d1f403,1970-01-01
https://nursinghomeaudit.com/facility/5e90d733-7600-4d09-9eb6-bfc5b9afc1cf,1970-01-01
https://nursinghomeaudit.com/facility/5ef2b18d-cac2-4f8c-b160-9bcb4cb998a7,1970-01-01
https://nursinghomeaudit.com/facility/5f7b91ee-cba6-410e-b4d5-a336add1e87d,1970-01-01
https://nursinghomeaudit.com/facility/5fca1ad3-c4b2-4090-9d23-c3b30a092047,1970-01-01
https://nursinghomeaudit.com/facility/5fd00542-a18d-4a18-a1a5-4b9631af73e8,1970-01-01
https://nursinghomeaudit.com/facility/5fdd1d4f-f48d-4af2-a6fc-65c766879560,1970-01-01
https://nursinghomeaudit.com/facility/5fde5f9d-a9b3-480b-b54f-14c96416518b,1970-01-01
https://nursinghomeaudit.com/facility/6005eb48-6b43-478a-a96c-2fd385950db5,1970-01-01
https://nursinghomeaudit.com/facility/601a0914-646f-41aa-8822-0b1ab27c76b4,1970-01-01
https://nursinghomeaudit.com/facility/60426be3-9bb5-4a0c-af62-88275c35027a,1970-01-01
https://nursinghomeaudit.com/facility/6087cc34-8d4a-442b-a551-7379d288b162,1970-01-01
https://nursinghomeaudit.com/facility/60a690b1-ae7c-4770-aadd-b86ee9bb9494,1970-01-01
https://nursinghomeaudit.com/facility/60d30bd0-e323-4841-8ccb-1317b2f95a81,1970-01-01
https://nursinghomeaudit.com/facility/60db6a29-08dd-499b-8f44-b72a0f02c8dc,1970-01-01
https://nursinghomeaudit.com/facility/60ebc5d0-c349-48cb-a319-6c43f6f9270e,1970-01-01
https://nursinghomeaudit.com/facility/61732c73-dc66-431a-96f4-65741983297a,1970-01-01
https://nursinghomeaudit.com/facility/618f39bc-b4df-48b6-b911-455394622181,1970-01-01
https://nursinghomeaudit.com/facility/61ee3b96-f3a7-4591-82e3-0b6ec72a0f2e,1970-01-01
https://nursinghomeaudit.com/facility/6214c29b-e85d-4462-9dac-6841b6f24848,1970-01-01
https://nursinghomeaudit.com/facility/626bc90c-a15e-45a4-a204-3362637530d1,1970-01-01
https://nursinghomeaudit.com/facility/63dfcf30-016d-48fe-956c-181debb35434,1970-01-01
https://nursinghomeaudit.com/facility/64282504-11ee-4902-a000-d9d0fe59aacf,1970-01-01
https://nursinghomeaudit.com/facility/64aa0b2b-9ecc-4003-bd41-40b00edfeb25,1970-01-01
https://nursinghomeaudit.com/facility/64f83db1-a185-4777-82b5-30aad2754438,1970-01-01
https://nursinghomeaudit.com/facility/6581c4b7-7ffe-4064-b516-4f3442d31365,1970-01-01
https://nursinghomeaudit.com/facility/65b69f83-c157-4a9e-a27e-7a58cdc91903,1970-01-01
https://nursinghomeaudit.com/facility/660eed6b-9c59-48cc-babb-d1728046857e,1970-01-01
https://nursinghomeaudit.com/facility/663ac434-6363-4965-96da-c5c9ca561ada,1970-01-01
https://nursinghomeaudit.com/facility/66a316a4-874e-434d-ab40-fe89e184886c,1970-01-01
https://nursinghomeaudit.com/facility/66f0351d-e803-424f-ba15-af07fa89e0cf,1970-01-01
https://nursinghomeaudit.com/facility/67d3717a-7dae-4909-ae53-c2caf5512d50,1970-01-01
https://nursinghomeaudit.com/facility/67e12c30-a559-4ca8-ae40-8320b3574d29,1970-01-01
https://nursinghomeaudit.com/facility/6885ad53-6cfe-4072-b809-bb7858774c7d,1970-01-01
https://nursinghomeaudit.com/facility/6885e434-adbf-401a-8a5f-3574d7e6afd1,1970-01-01
https://nursinghomeaudit.com/facility/69ea85d5-2416-4f29-8319-2992b41eed1b,1970-01-01
https://nursinghomeaudit.com/facility/6abcfa8b-170f-4357-89ec-ebffffa6b96d,1970-01-01
https://nursinghomeaudit.com/facility/6b06653d-63a1-4ece-81e0-79c411b000ab,1970-01-01
https://nursinghomeaudit.com/facility/6b071a0c-38b0-4f06-8bd1-748cd288f0fb,1970-01-01
https://nursinghomeaudit.com/facility/6b41295b-30d2-4b61-b29a-ddc24e3ccf31,1970-01-01
https://nursinghomeaudit.com/facility/6b6b6f35-fcdc-4278-8aad-df93f6047470,1970-01-01
https://nursinghomeaudit.com/facility/6b985d09-7e03-4395-8395-81160bf0fd7f,1970-01-01
https://nursinghomeaudit.com/facility/6bddac45-3dba-47cb-9203-e6dabb2ef395,1970-01-01
https://nursinghomeaudit.com/facility/6c237a8c-79fa-4a88-baf8-ddbbef2d2035,1970-01-01
https://nursinghomeaudit.com/facility/6c4e5304-fb13-4191-9ca1-2ab3524907c2,1970-01-01
https://nursinghomeaudit.com/facility/6c52e1b7-fba6-4ba9-8c61-101fbef6ea18,1970-01-01
https://nursinghomeaudit.com/facility/6c62029c-61a3-4ed7-9d85-535a5da481f7,1970-01-01
https://nursinghomeaudit.com/facility/6c665b68-cb6a-479e-a027-530f8012396f,1970-01-01
https://nursinghomeaudit.com/facility/6cd2c319-a30e-49f2-a7fe-6f7908db6b5b,1970-01-01
https://nursinghomeaudit.com/facility/6d5508c5-efd2-4ae9-a747-0a3f15972cb4,1970-01-01
https://nursinghomeaudit.com/facility/6de41441-1baf-4156-9b16-e87e0a0b73a9,1970-01-01
https://nursinghomeaudit.com/facility/6e04d7b2-5d59-497a-8df9-9db1853185ef,1970-01-01
https://nursinghomeaudit.com/facility/6e4caaf0-b001-4891-9f79-69b8781f0026,1970-01-01
https://nursinghomeaudit.com/facility/6ea78666-b6bd-4023-86ed-e18d5ebc4b3b,1970-01-01
https://nursinghomeaudit.com/facility/6ed5fd4a-8181-4b75-b708-23233b75181f,1970-01-01
https://nursinghomeaudit.com/facility/6f1934c9-a27a-4f57-9c42-2b942d707549,1970-01-01
https://nursinghomeaudit.com/facility/6f50cc0d-eddb-466b-8a4e-c8759f1631e7,1970-01-01
https://nursinghomeaudit.com/facility/6f8c3ef8-0c5a-4e0c-92bb-0278ea1d8acb,1970-01-01
https://nursinghomeaudit.com/facility/6f93cadc-fa9c-4942-88af-76dc32e7c077,1970-01-01
https://nursinghomeaudit.com/facility/6fe90f79-a8aa-4707-8d7a-a4a9aad19678,1970-01-01
https://nursinghomeaudit.com/facility/705f2453-67df-4aa5-adfb-ba8af2e6fc50,1970-01-01
https://nursinghomeaudit.com/facility/70616073-9697-4a53-8c3a-0b2162cc14a5,1970-01-01
https://nursinghomeaudit.com/facility/7066db84-ee26-4bd4-b308-f92943b3fbe8,1970-01-01
https://nursinghomeaudit.com/facility/70df5579-5cb6-42c4-bfc9-5716fe2e4dba,1970-01-01
https://nursinghomeaudit.com/facility/7125b7d7-e73e-4fdb-b824-6d172cc7fcaa,1970-01-01
https://nursinghomeaudit.com/facility/71a2d2a5-0094-477b-9925-fa7f34940003,1970-01-01
https://nursinghomeaudit.com/facility/71c51097-f4ab-4fe4-b370-3d1eb6b2ee8b,1970-01-01
https://nursinghomeaudit.com/facility/72a03611-2c4d-4486-b848-53b49b928a7d,1970-01-01
https://nursinghomeaudit.com/facility/73835f27-6dab-48cf-818a-a21c19871335,1970-01-01
https://nursinghomeaudit.com/facility/73967489-4dd0-48a7-86e1-b340cbed022e,1970-01-01
https://nursinghomeaudit.com/facility/73a3fea9-08ff-4e79-82c0-32f22c31b1e1,1970-01-01
https://nursinghomeaudit.com/facility/73aafaac-3938-434e-b03f-d681f5a56a0f,1970-01-01
https://nursinghomeaudit.com/facility/7546d0d7-3a13-4118-9d71-6fedf54807a9,1970-01-01
https://nursinghomeaudit.com/facility/76272d00-1d2b-4838-a9c4-2108b1cdfb2b,1970-01-01
https://nursinghomeaudit.com/facility/770ee5fa-fcfc-4115-a280-e93d51ef0628,1970-01-01
https://nursinghomeaudit.com/facility/77347ae4-351d-4ec2-9c9e-1648123df476,1970-01-01
https://nursinghomeaudit.com/facility/773e31a6-82b5-4a61-a352-c0fa2e592696,1970-01-01
https://nursinghomeaudit.com/facility/7791923e-f40a-49b9-9f82-cdfb8f49e43e,1970-01-01
https://nursinghomeaudit.com/facility/78150d66-fafc-415d-b592-95628e7fa03b,1970-01-01
https://nursinghomeaudit.com/facility/781df66e-656d-4563-9298-9e7942ee985b,1970-01-01
https://nursinghomeaudit.com/facility/78876a46-a08d-4702-b85d-869b57fe2599,1970-01-01
https://nursinghomeaudit.com/facility/78ce69c8-5f8f-444b-b280-89d18a9b1634,1970-01-01
https://nursinghomeaudit.com/facility/7a9e1b7c-391f-4d5b-9804-2bd886d1b088,1970-01-01
https://nursinghomeaudit.com/facility/7ab35a3d-f9d9-4425-afcf-0a8b3d2b17e7,1970-01-01
https://nursinghomeaudit.com/facility/7ba6663b-75bf-41e5-ba0c-ea17e98ac74f,1970-01-01
https://nursinghomeaudit.com/facility/7bb26725-c26c-40e8-b7e8-9482bd0df5e5,1970-01-01
https://nursinghomeaudit.com/facility/7be37f12-9feb-46d3-b833-00c3328ec9ef,1970-01-01
https://nursinghomeaudit.com/facility/7c96f08f-45c6-4df0-b2d8-30eda6da4786,1970-01-01
https://nursinghomeaudit.com/facility/7d7d200d-ee15-40f5-ad9f-ced61999b8b3,1970-01-01
https://nursinghomeaudit.com/facility/7da104eb-ada1-4736-9fb6-6cbcbd44ccbc,1970-01-01
https://nursinghomeaudit.com/facility/7dc48c4d-3a61-49da-ac01-5b510d3a1618,1970-01-01
https://nursinghomeaudit.com/facility/7e518079-42ee-484a-a444-afbd3e469b7b,1970-01-01
https://nursinghomeaudit.com/facility/7e5a414b-14f9-498b-9120-ee14dc20abc8,1970-01-01
https://nursinghomeaudit.com/facility/7e63677c-20f1-4e6a-8227-b38b43058b9d,1970-01-01
https://nursinghomeaudit.com/facility/7e65cf7b-1be3-4d3a-8ca7-6b3af0f12d5b,1970-01-01
https://nursinghomeaudit.com/facility/7ede6776-b875-4b6b-bd7f-33e1f246f811,1970-01-01
https://nursinghomeaudit.com/facility/7f2c6d15-020e-493d-b1cf-11ed0d4f845d,1970-01-01
https://nursinghomeaudit.com/facility/7fc9a65a-6505-4928-be45-537ec93805bc,1970-01-01
https://nursinghomeaudit.com/facility/801a4c84-cf2a-4e5b-a4ae-f5d6328a2f8a,1970-01-01
https://nursinghomeaudit.com/facility/80a9624a-eb11-4601-8b1f-17c0d76c04d4,1970-01-01
https://nursinghomeaudit.com/facility/80bf5f27-cfb5-44d5-b251-6542c62dfab8,1970-01-01
https://nursinghomeaudit.com/facility/81336431-db1b-4c7a-bb6f-a57624f4fa7d,1970-01-01
https://nursinghomeaudit.com/facility/81a0be2c-6472-4936-92f7-a9f322e16e80,1970-01-01
https://nursinghomeaudit.com/facility/81a6fc32-a14d-49da-80f3-765cd4425fd7,1970-01-01
https://nursinghomeaudit.com/facility/8203846d-ce82-4f76-97c6-21335e499d91,1970-01-01
https://nursinghomeaudit.com/facility/82cb9b65-2726-4149-a8d7-9a2fc552daca,1970-01-01
https://nursinghomeaudit.com/facility/83f2f2d4-4d9a-4ca6-969b-1cbc53c677d8,1970-01-01
https://nursinghomeaudit.com/facility/840a3009-ce18-4170-a911-974c23018f04,1970-01-01
https://nursinghomeaudit.com/facility/84947bd4-f354-496e-b0d9-31df9d2abb9c,1970-01-01
https://nursinghomeaudit.com/facility/85183b75-67a5-4e94-bcb6-44b20e1a9dd3,1970-01-01
https://nursinghomeaudit.com/facility/85e7d83c-7b8b-486c-9616-43a7cc8b2149,1970-01-01
https://nursinghomeaudit.com/facility/85ed003a-24c0-4a73-853d-ba11ae40004a,1970-01-01
https://nursinghomeaudit.com/facility/866b601c-3edf-4b8d-b226-6095a8f1aeff,1970-01-01
https://nursinghomeaudit.com/facility/86bde3d6-f4a0-4841-ab29-3722fe054964,1970-01-01
https://nursinghomeaudit.com/facility/8710cd66-357f-4617-abf1-6b1da7de1c70,1970-01-01
https://nursinghomeaudit.com/facility/8751667a-16a9-4d06-aab8-086f6cbda2d9,1970-01-01
https://nursinghomeaudit.com/facility/87769f10-e438-4a87-b545-a14ffa3bba30,1970-01-01
https://nursinghomeaudit.com/facility/878741a7-76cd-4f65-a8cc-e62b3fe9492d,1970-01-01
https://nursinghomeaudit.com/facility/8874df5b-242d-4d76-9943-b9d175963122,1970-01-01
https://nursinghomeaudit.com/facility/88b4c1ab-d8f7-4312-9d1f-ed2a7c49e96b,1970-01-01
https://nursinghomeaudit.com/facility/891560f4-9939-4a4a-8969-9e5a5bf856e1,1970-01-01
https://nursinghomeaudit.com/facility/891b12b5-ab8b-4456-8bb3-6b34cbef9d97,1970-01-01
https://nursinghomeaudit.com/facility/89ded3d6-f588-4090-8652-c61ea34baef0,1970-01-01
https://nursinghomeaudit.com/facility/8a6e0065-2429-4ff9-b913-975db509593c,1970-01-01
https://nursinghomeaudit.com/facility/8a871d55-a19b-4013-8730-8a1bfb5196d1,1970-01-01
https://nursinghomeaudit.com/facility/8a9fb304-2e0f-4478-9d38-73f10bfae4b0,1970-01-01
https://nursinghomeaudit.com/facility/8b11aae8-aa72-4f94-a0ff-f92b660af92f,1970-01-01
https://nursinghomeaudit.com/facility/8b15829d-7759-48cd-97fd-ac30c141dc56,1970-01-01
https://nursinghomeaudit.com/facility/8b99e0e5-9b66-4486-b3dd-257145e5fa5e,1970-01-01
https://nursinghomeaudit.com/facility/8c21ce0e-c5e9-4124-9250-0547cb87457a,1970-01-01
https://nursinghomeaudit.com/facility/8d21532d-de84-47dc-aba0-6db49b05a940,1970-01-01
https://nursinghomeaudit.com/facility/8d313a98-4775-4919-b0b5-9c76b3c24ed4,1970-01-01
https://nursinghomeaudit.com/facility/8de2cb0b-03b6-4053-b3b1-8b6c88218646,1970-01-01
https://nursinghomeaudit.com/facility/8e4775b1-c53e-4cef-b3af-c412d931bd53,1970-01-01
https://nursinghomeaudit.com/facility/8e556dbd-970c-4d46-b8a8-2c031d8bf27a,1970-01-01
https://nursinghomeaudit.com/facility/8ea53dd7-d059-4b94-aa0e-d9c5ab960c9f,1970-01-01
https://nursinghomeaudit.com/facility/8f15955b-33bd-4ce2-b845-7255bded60fd,1970-01-01
https://nursinghomeaudit.com/facility/8f3a79d9-3bfd-46f8-874f-5ab50f5eaeae,1970-01-01
https://nursinghomeaudit.com/facility/8f50b412-7e2b-46da-b238-254b6c5d372a,1970-01-01
https://nursinghomeaudit.com/facility/8fb61593-1563-48dc-ac3b-f933d8be8cfc,1970-01-01
https://nursinghomeaudit.com/facility/90204a50-f679-45cf-b0be-d3750ab91331,1970-01-01
https://nursinghomeaudit.com/facility/9072eaef-b1d6-453f-b457-3b90f626cbbb,1970-01-01
https://nursinghomeaudit.com/facility/9093a5fc-068b-44d1-963d-2f924e39d907,1970-01-01
https://nursinghomeaudit.com/facility/90e5904c-0ac4-4346-82c2-a3b213f78b15,1970-01-01
https://nursinghomeaudit.com/facility/915964ee-ca7f-4fe8-8fca-752d45f04a09,1970-01-01
https://nursinghomeaudit.com/facility/919629af-5bce-49a3-bcc0-76be9ec48a2c,1970-01-01
https://nursinghomeaudit.com/facility/91d6d799-d260-4ac9-a612-8df692212fa0,1970-01-01
https://nursinghomeaudit.com/facility/921cf704-a3b7-4cd5-afa4-190a4948033f,1970-01-01
https://nursinghomeaudit.com/facility/92455e7a-d6c0-402e-a31c-238bb63a1e32,1970-01-01
https://nursinghomeaudit.com/facility/927d0d98-3fb0-41d6-ad86-335c520cb028,1970-01-01
https://nursinghomeaudit.com/facility/931434d9-c1bc-4516-a712-01c7a15bf6e5,1970-01-01
https://nursinghomeaudit.com/facility/938cace8-4ad0-471b-a991-4c6aed2fe812,1970-01-01
https://nursinghomeaudit.com/facility/93f57bc5-63cd-4d7c-89d8-2aaea88b8272,1970-01-01
https://nursinghomeaudit.com/facility/9416e4a1-8c3e-4b7a-916e-7e20ea8a2277,1970-01-01
https://nursinghomeaudit.com/facility/94863ad3-cab0-4bb5-a26a-8d20dfc7d4e3,1970-01-01
https://nursinghomeaudit.com/facility/949084a9-2958-4781-af69-6f67deda34b3,1970-01-01
https://nursinghomeaudit.com/facility/94e7ca31-ffa8-4a7d-881d-c327a92b9562,1970-01-01
https://nursinghomeaudit.com/facility/954a80dc-5d7a-422c-9189-e4adde4001eb,1970-01-01
https://nursinghomeaudit.com/facility/95d5a352-2fff-4f90-968f-319f4a348338,1970-01-01
https://nursinghomeaudit.com/facility/95f1a534-bbb0-47c8-8741-b908128bd154,1970-01-01
https://nursinghomeaudit.com/facility/96c48ded-5627-4aba-a6cb-aaeeefcf0a7b,1970-01-01
https://nursinghomeaudit.com/facility/96cc05c6-78ab-4c4e-bda7-a9edcbc0770c,1970-01-01
https://nursinghomeaudit.com/facility/96d5f25e-8263-4836-9986-280c7f759493,1970-01-01
https://nursinghomeaudit.com/facility/96f54f2d-5cb3-4a12-97f4-8ae4c1afb289,1970-01-01
https://nursinghomeaudit.com/facility/9807882d-feb8-46fc-98ae-77be8c8849f3,1970-01-01
https://nursinghomeaudit.com/facility/98472ddc-8db0-49fd-8474-1783ec57f412,1970-01-01
https://nursinghomeaudit.com/facility/9923d155-240c-4731-9284-b7fa261ec57c,1970-01-01
https://nursinghomeaudit.com/facility/99757ef3-db19-43c5-851c-8f30040f4c49,1970-01-01
https://nursinghomeaudit.com/facility/9a0c2d8c-d65b-463a-b7a5-ac6128518c28,1970-01-01
https://nursinghomeaudit.com/facility/9bbbb067-48e2-4d04-88e2-7a8d75352fbc,1970-01-01
https://nursinghomeaudit.com/facility/9c4ece0b-7b63-4b62-90e5-50915118aa39,1970-01-01
https://nursinghomeaudit.com/facility/9c7086e6-6462-4494-942b-f19ee9d349d3,1970-01-01
https://nursinghomeaudit.com/facility/9da90758-d907-4ff9-96a9-ceaca8d7d759,1970-01-01
https://nursinghomeaudit.com/facility/9daaa9c1-a159-4676-9c79-c81cf0b387d9,1970-01-01
https://nursinghomeaudit.com/facility/9dace455-108d-40f7-8e82-e391171eb88f,1970-01-01
https://nursinghomeaudit.com/facility/9e511704-d313-4546-852f-3bf51c2a5481,1970-01-01
https://nursinghomeaudit.com/facility/9e5b95a9-3a25-4a0f-b828-8d4f4aa8d423,1970-01-01
https://nursinghomeaudit.com/facility/9ea14223-cd36-4f06-8e66-be7e6cfeeaba,1970-01-01
https://nursinghomeaudit.com/facility/9ed87fda-bdc0-4028-8b39-52418c96efe6,1970-01-01
https://nursinghomeaudit.com/facility/9ee73a76-9e39-48bf-9e43-6b7da32e2dfa,1970-01-01
https://nursinghomeaudit.com/facility/9f124ea5-1778-4060-b9c6-3612a7f49c01,1970-01-01
https://nursinghomeaudit.com/facility/9f999f3c-e812-43d9-9c3f-ae5e009d5b02,1970-01-01
https://nursinghomeaudit.com/facility/9fc75683-7704-4f94-a7c6-d05c4ed6a453,1970-01-01
https://nursinghomeaudit.com/facility/9fe6756d-1d5b-4d21-9518-fa4fbeacb2c4,1970-01-01
https://nursinghomeaudit.com/facility/a01283e0-3d28-4165-92cb-8a3e24b4f7a4,1970-01-01
https://nursinghomeaudit.com/facility/a02e0601-9cf9-4740-9767-d12f92841aea,1970-01-01
https://nursinghomeaudit.com/facility/a044dc16-71fb-46b3-afe5-a40b2f701e1b,1970-01-01
https://nursinghomeaudit.com/facility/a08da099-509d-4882-88f9-b33ff944a341,1970-01-01
https://nursinghomeaudit.com/facility/a18ef370-b49c-4e03-9429-061469649d4b,1970-01-01
https://nursinghomeaudit.com/facility/a2083c0f-b810-4836-9f43-bac874a96820,1970-01-01
https://nursinghomeaudit.com/facility/a2c20d73-1d3a-44a5-abad-4c7c1b24b1b9,1970-01-01
https://nursinghomeaudit.com/facility/a3051cfb-091f-4d69-931b-8eb1baa7da6a,1970-01-01
https://nursinghomeaudit.com/facility/a33563c8-5a0e-4f39-834f-bf7b727b42cc,1970-01-01
https://nursinghomeaudit.com/facility/a3628daf-b5ea-4e22-a138-d228915a0066,1970-01-01
https://nursinghomeaudit.com/facility/a39bb360-3cba-42f0-aae3-28e7502f5da4,1970-01-01
https://nursinghomeaudit.com/facility/a402f18b-b1ca-4198-8260-35200094bdbd,1970-01-01
https://nursinghomeaudit.com/facility/a41b84da-2001-4db5-9558-c2cf6159a7c8,1970-01-01
https://nursinghomeaudit.com/facility/a4838090-7b12-4f5b-98fb-8ef7f5d62156,1970-01-01
https://nursinghomeaudit.com/facility/a5190f34-6db9-4b68-9b01-a8054388db30,1970-01-01
https://nursinghomeaudit.com/facility/a5603568-4dcb-40b4-aeb3-b601ccc6ef28,1970-01-01
https://nursinghomeaudit.com/facility/a56b2e36-7407-4a34-a4ef-429fe66a7fab,1970-01-01
https://nursinghomeaudit.com/facility/a585be72-9543-4afa-9f2a-9ec5c04aab56,1970-01-01
https://nursinghomeaudit.com/facility/a6350f39-ecdd-4ab9-ba2b-27700b23b6ae,1970-01-01
https://nursinghomeaudit.com/facility/a648ba82-521b-4627-8453-8e3ab262bf0f,1970-01-01
https://nursinghomeaudit.com/facility/a65d2a35-f390-43a6-94d5-956329159924,1970-01-01
https://nursinghomeaudit.com/facility/a702b4b0-ca07-416f-b9de-d3cac7f1bc7b,1970-01-01
https://nursinghomeaudit.com/facility/a70ef77a-1779-4643-94e7-50fdeb072d05,1970-01-01
https://nursinghomeaudit.com/facility/a78795d3-aa75-4d62-bebe-fa6339ddec24,1970-01-01
https://nursinghomeaudit.com/facility/a7b8d8f5-7a3d-4e00-aa8f-16ec7bed9cdc,1970-01-01
https://nursinghomeaudit.com/facility/a845facf-1319-4219-a740-d073726c6fe6,1970-01-01
https://nursinghomeaudit.com/facility/a8716dae-02e7-4fc4-9f56-a2ccc5f21002,1970-01-01
https://nursinghomeaudit.com/facility/a887efd8-a116-448f-b569-a13fd73eb2f7,1970-01-01
https://nursinghomeaudit.com/facility/a8ad0054-2f3b-4ead-93f4-425a0682819d,1970-01-01
https://nursinghomeaudit.com/facility/a8c571d5-5f35-499b-a793-4eb3fed95a94,1970-01-01
https://nursinghomeaudit.com/facility/a9062799-5870-41c8-a60d-5da0c02663fa,1970-01-01
https://nursinghomeaudit.com/facility/a97176c8-11e0-4e5d-8f55-1512f4f0f7bd,1970-01-01
https://nursinghomeaudit.com/facility/a98b72ca-b9f3-4edc-b80c-4b83d8d97466,1970-01-01
https://nursinghomeaudit.com/facility/a9ce50e9-7a7d-4e22-ac2e-aecd95fc5c94,1970-01-01
https://nursinghomeaudit.com/facility/aa152d7a-a193-4591-bd81-249b6df00f9f,1970-01-01
https://nursinghomeaudit.com/facility/aa3657b7-737a-4a27-b46e-6f7404b8270f,1970-01-01
https://nursinghomeaudit.com/facility/aaaaa0a3-9621-4425-a0b6-172005b884d4,1970-01-01
https://nursinghomeaudit.com/facility/aae14362-5b2e-4638-b713-f56e56c9148b,1970-01-01
https://nursinghomeaudit.com/facility/abd6c408-1e54-4687-8286-88de013568d8,1970-01-01
https://nursinghomeaudit.com/facility/ada1e145-6aaf-484d-8ff7-9cbde4d0296d,1970-01-01
https://nursinghomeaudit.com/facility/addd2e62-944f-4389-afae-f55c10bfbc15,1970-01-01
https://nursinghomeaudit.com/facility/ae3e29dd-8e73-43ca-a59b-dd698154c7fe,1970-01-01
https://nursinghomeaudit.com/facility/ae48228e-5771-4066-aac2-f4deadfec0b5,1970-01-01
https://nursinghomeaudit.com/facility/af81b71d-67e3-4e94-806d-5e23206ea1a8,1970-01-01
https://nursinghomeaudit.com/facility/b0890d10-1b85-4f3f-a5c8-048fa875110b,1970-01-01
https://nursinghomeaudit.com/facility/b12c08fb-4d05-42c6-bfa0-03d993324a1d,1970-01-01
https://nursinghomeaudit.com/facility/b12fa308-8e41-4b5d-bf48-b32f562acb2a,1970-01-01
https://nursinghomeaudit.com/facility/b17e922d-3292-4673-ac2a-eaec6417d0b6,1970-01-01
https://nursinghomeaudit.com/facility/b1aecb56-4542-4c40-8afe-c65edaf96a39,1970-01-01
https://nursinghomeaudit.com/facility/b2491d43-a9d6-4a8d-afe6-a7fea7484eb6,1970-01-01
https://nursinghomeaudit.com/facility/b2695988-cc7b-4d2b-96a0-e8c995ae6b97,1970-01-01
https://nursinghomeaudit.com/facility/b2706e66-1cb5-4c82-aaf5-b4df75bcdcf0,1970-01-01
https://nursinghomeaudit.com/facility/b276f2e6-b388-4102-9fcf-1c2c4753344c,1970-01-01
https://nursinghomeaudit.com/facility/b3b4ccac-960c-440f-952c-a8058739e9ea,1970-01-01
https://nursinghomeaudit.com/facility/b3b5f9cb-5136-4460-8be4-13b95405d19b,1970-01-01
https://nursinghomeaudit.com/facility/b3f0b11b-adf1-4e78-9ae4-35d076d6a828,1970-01-01
https://nursinghomeaudit.com/facility/b4518ac6-2338-45b6-a71d-2ef6d9197596,1970-01-01
https://nursinghomeaudit.com/facility/b49dc59c-2cd0-4f9d-beb5-60ac54dcce08,1970-01-01
https://nursinghomeaudit.com/facility/b5e18e07-cd89-4287-928c-027b730f1b38,1970-01-01
https://nursinghomeaudit.com/facility/b61b9e0d-b425-44da-8d4a-479feb44be10,1970-01-01
https://nursinghomeaudit.com/facility/b689d919-1819-4390-909f-834cd6f849f9,1970-01-01
https://nursinghomeaudit.com/facility/b6cf73ce-c3de-46c3-adea-baa53c2f32f5,1970-01-01
https://nursinghomeaudit.com/facility/b7392dae-58df-42f3-9991-825caa9a4757,1970-01-01
https://nursinghomeaudit.com/facility/b76aa4d7-334b-44c0-9bb2-32c08706225f,1970-01-01
https://nursinghomeaudit.com/facility/b7909807-dc11-4d13-8ce0-00b136c9e47b,1970-01-01
https://nursinghomeaudit.com/facility/b85127d6-d99e-44b4-94e9-93c594df61f4,1970-01-01
https://nursinghomeaudit.com/facility/b867531b-720b-4e32-9966-2d12ccdf0944,1970-01-01
https://nursinghomeaudit.com/facility/b89db0fc-c919-411b-9aa3-3b78655bafac,1970-01-01
https://nursinghomeaudit.com/facility/b8debc23-013a-419e-86ec-da3b88af3363,1970-01-01
https://nursinghomeaudit.com/facility/b986142c-1134-426e-852c-e9c953950978,1970-01-01
https://nursinghomeaudit.com/facility/b9a43fc7-72e8-48dd-9dc2-2b2b83c61a1d,1970-01-01
https://nursinghomeaudit.com/facility/b9d70399-d369-4559-a12f-19929c5c4095,1970-01-01
https://nursinghomeaudit.com/facility/b9f593a0-0c4e-4d23-b4df-cf142d16991c,1970-01-01
https://nursinghomeaudit.com/facility/ba7eab43-3f29-4f9e-90e2-2073872e2ec9,1970-01-01
https://nursinghomeaudit.com/facility/bac78a77-217e-4dc6-aa83-26fc6fe3b0c2,1970-01-01
https://nursinghomeaudit.com/facility/bb35cced-74b0-4817-8612-8cfd81c48f7f,1970-01-01
https://nursinghomeaudit.com/facility/bb8abfdc-a11d-4cf3-85e3-ef588ab1ba91,1970-01-01
https://nursinghomeaudit.com/facility/bc09c9bc-11ef-4923-a343-b47d7de31f91,1970-01-01
https://nursinghomeaudit.com/facility/bce16a25-9f35-4fe2-8ca9-199f93742365,1970-01-01
https://nursinghomeaudit.com/facility/bd164776-9893-4038-b4af-ff5d903fca5b,1970-01-01
https://nursinghomeaudit.com/facility/bde24c43-84a8-4071-bfa3-d0af8222b018,1970-01-01
https://nursinghomeaudit.com/facility/be77615b-0e99-4e9f-a0d0-f285a65309cc,1970-01-01
https://nursinghomeaudit.com/facility/be83b71e-68ac-4793-97c0-094e50d9cb60,1970-01-01
https://nursinghomeaudit.com/facility/bea8760a-59aa-4741-b88d-8c2b86ebee0a,1970-01-01
https://nursinghomeaudit.com/facility/befa5a64-6001-473e-a70c-6ea029f74e69,1970-01-01
https://nursinghomeaudit.com/facility/bf35585c-d6ce-4305-9f58-bce14c046ff7,1970-01-01
https://nursinghomeaudit.com/facility/bf74cce9-a8ac-425e-af68-bc5f8b153b90,1970-01-01
https://nursinghomeaudit.com/facility/bfd7a176-d014-46e8-a285-bb0f7962515c,1970-01-01
https://nursinghomeaudit.com/facility/c0133fb3-c14a-418f-8f94-fffb83d2c518,1970-01-01
https://nursinghomeaudit.com/facility/c17758c9-82ad-4358-b004-e89d70db7067,1970-01-01
https://nursinghomeaudit.com/facility/c1a4d6dd-ff70-4849-93cf-fab416e6716a,1970-01-01
https://nursinghomeaudit.com/facility/c1b2ccec-68ce-42ef-8f95-c3092c5cfae6,1970-01-01
https://nursinghomeaudit.com/facility/c1e995ca-f7cf-448d-8f46-95fdac938a6d,1970-01-01
https://nursinghomeaudit.com/facility/c2c3550e-81a0-4e12-8b36-e916689863a9,1970-01-01
https://nursinghomeaudit.com/facility/c32a4b58-5a3d-4273-8972-e7be394c4054,1970-01-01
https://nursinghomeaudit.com/facility/c338f6d0-40a4-4abe-ab39-ef17c4ddfbc5,1970-01-01
https://nursinghomeaudit.com/facility/c36dc3ae-6dc1-4077-b9da-ee198f213e51,1970-01-01
https://nursinghomeaudit.com/facility/c436de49-7626-4a84-afd3-4db153770d66,1970-01-01
https://nursinghomeaudit.com/facility/c47c074f-3403-435e-80cd-a634239071b0,1970-01-01
https://nursinghomeaudit.com/facility/c4e618f6-c8c8-4c92-82cc-2b1441747b11,1970-01-01
https://nursinghomeaudit.com/facility/c4ffb703-444c-410c-9b44-c3735e23eba9,1970-01-01
https://nursinghomeaudit.com/facility/c5465b7b-1838-4e58-be1a-1eccb26dc0e8,1970-01-01
https://nursinghomeaudit.com/facility/c5713388-7dfe-4460-bda1-c606e9a973af,1970-01-01
https://nursinghomeaudit.com/facility/c5cac2c8-afd8-4f78-9b76-05e17f0b8e8c,1970-01-01
https://nursinghomeaudit.com/facility/c5e4ae51-d732-4a7b-9836-9860c97d5898,1970-01-01
https://nursinghomeaudit.com/facility/c63de0e3-983c-4a4f-bb1a-6c0432bc7507,1970-01-01
https://nursinghomeaudit.com/facility/c6b4bb2b-3e4e-4531-9809-f505f62d00c8,1970-01-01
https://nursinghomeaudit.com/facility/c7697fde-8c3a-4f3a-9c95-5018fdddce5e,1970-01-01
https://nursinghomeaudit.com/facility/c76ed090-5082-4354-a7b8-9b832479188f,1970-01-01
https://nursinghomeaudit.com/facility/c8211680-be64-4a89-bb9e-232a3b840421,1970-01-01
https://nursinghomeaudit.com/facility/c827eff6-f546-4f26-b8d1-99a327cdd504,1970-01-01
https://nursinghomeaudit.com/facility/c8b6e949-21aa-475d-9c97-c0c027d38c52,1970-01-01
https://nursinghomeaudit.com/facility/c92bf579-5ac6-413e-8686-56e0bc6d585a,1970-01-01
https://nursinghomeaudit.com/facility/c9c805b1-6132-4bb9-8c56-4e773961e0a5,1970-01-01
https://nursinghomeaudit.com/facility/c9fd65d8-cb6c-40e4-8848-8d1f7929f5e3,1970-01-01
https://nursinghomeaudit.com/facility/cbce6747-6715-47a9-a9b3-793ddfdbc31f,1970-01-01
https://nursinghomeaudit.com/facility/cc705def-0804-4ff3-9303-0afe79fd2223,1970-01-01
https://nursinghomeaudit.com/facility/ccd265c7-6ece-43ad-ba24-726493c5c9d7,1970-01-01
https://nursinghomeaudit.com/facility/cd036cd2-ec89-48c7-a18b-dba8c64aa8ab,1970-01-01
https://nursinghomeaudit.com/facility/ce2cbf6f-f609-450d-9160-564a8f054986,1970-01-01
https://nursinghomeaudit.com/facility/ce3d69c2-a7ce-4d15-b2ad-813458bdcd4d,1970-01-01
https://nursinghomeaudit.com/facility/ce44a1f6-3473-4198-ac70-6c41982b3157,1970-01-01
https://nursinghomeaudit.com/facility/cfac44d7-a138-4508-b590-a87260f018a8,1970-01-01
https://nursinghomeaudit.com/facility/cfcfb307-aa60-49e6-91d4-8f22a57592ac,1970-01-01
https://nursinghomeaudit.com/facility/cfe799c1-2e40-47dd-b1cb-d14d93c0abad,1970-01-01
https://nursinghomeaudit.com/facility/d059f4c9-6bcb-414c-9bf6-c34cf1b02342,1970-01-01
https://nursinghomeaudit.com/facility/d08d7a36-8aa8-4d5a-8d3d-31b60b15ddce,1970-01-01
https://nursinghomeaudit.com/facility/d0b6cf60-45db-4df4-8ff7-3742db796da6,1970-01-01
https://nursinghomeaudit.com/facility/d109d796-1d8f-4c03-ae75-de80d3fbac51,1970-01-01
https://nursinghomeaudit.com/facility/d1832c4c-3f30-4dec-87eb-de083e729d84,1970-01-01
https://nursinghomeaudit.com/facility/d18d346a-f54c-4226-aeed-08284242e953,1970-01-01
https://nursinghomeaudit.com/facility/d1b4b4ac-dcbc-45fc-ae55-b083c50e9e40,1970-01-01
https://nursinghomeaudit.com/facility/d1e10713-6de5-45e4-969f-7a5908b8c34a,1970-01-01
https://nursinghomeaudit.com/facility/d2951bca-ad95-4ddb-8d70-d07037099a33,1970-01-01
https://nursinghomeaudit.com/facility/d31a907e-5733-47b9-a0eb-5477e6ef723f,1970-01-01
https://nursinghomeaudit.com/facility/d388647a-e9be-4e32-b8ec-be2f9660325d,1970-01-01
https://nursinghomeaudit.com/facility/d393fa4c-d98a-46f0-9d93-38e220fce89f,1970-01-01
https://nursinghomeaudit.com/facility/d44cb554-adf6-415f-adaa-f73fe4b8c460,1970-01-01
https://nursinghomeaudit.com/facility/d60f1f94-8792-431c-ba54-eb80fe5b7c92,1970-01-01
https://nursinghomeaudit.com/facility/d6461184-b509-4c47-b684-0c305ee39634,1970-01-01
https://nursinghomeaudit.com/facility/d6e99437-c00d-4889-8f05-ba76204fbcc1,1970-01-01
https://nursinghomeaudit.com/facility/d71a52c6-fd3a-488c-9dcd-fd9d3922893b,1970-01-01
https://nursinghomeaudit.com/facility/d731ed00-ec0d-49ad-8019-d66a52ecf1ad,1970-01-01
https://nursinghomeaudit.com/facility/d78c1262-1e7a-48a1-b261-333486bc4f2a,1970-01-01
https://nursinghomeaudit.com/facility/d7be14cf-1931-48f7-91db-6ad4122254cb,1970-01-01
https://nursinghomeaudit.com/facility/d7ef1083-0868-4e6d-8e89-691cf4b221cf,1970-01-01
https://nursinghomeaudit.com/facility/d8150386-8d41-4fd5-a76e-8e0810cd716d,1970-01-01
https://nursinghomeaudit.com/facility/d849f2e7-197f-458e-8a8d-70e059779b06,1970-01-01
https://nursinghomeaudit.com/facility/d8811552-7ed8-4775-82b9-04132150d174,1970-01-01
https://nursinghomeaudit.com/facility/d92895d9-249d-487d-9063-dcb46998510d,1970-01-01
https://nursinghomeaudit.com/facility/d928f96c-5c01-4e3b-829b-a10b7360ab2b,1970-01-01
https://nursinghomeaudit.com/facility/d93d9bbd-24a7-4a93-a5e8-b87a89781d4e,1970-01-01
https://nursinghomeaudit.com/facility/d96ee1d8-65b7-48c4-a8fd-4fe634f7b9a5,1970-01-01
https://nursinghomeaudit.com/facility/d9cbe631-de6b-4081-ac7e-a7e86a003ee5,1970-01-01
https://nursinghomeaudit.com/facility/da537da2-b642-4b67-b286-ce666785760b,1970-01-01
https://nursinghomeaudit.com/facility/da86779c-9fd8-4b56-93ae-c9598994f5ff,1970-01-01
https://nursinghomeaudit.com/facility/dac36552-e500-46c8-b9cd-7ea8ee8069ce,1970-01-01
https://nursinghomeaudit.com/facility/db21a54f-01d5-4749-a4fe-e179b0ed0e22,1970-01-01
https://nursinghomeaudit.com/facility/dbc1ff8e-7c07-4c02-8f22-0a075256f7c2,1970-01-01
https://nursinghomeaudit.com/facility/dc33c19d-5c28-4331-8eda-176046f78730,1970-01-01
https://nursinghomeaudit.com/facility/dc769177-6e4a-4a71-86e1-8420000f8ed3,1970-01-01
https://nursinghomeaudit.com/facility/dda0c711-af21-4e9a-94b7-fc7e26ecf710,1970-01-01
https://nursinghomeaudit.com/facility/de1b61f2-8b37-4fe0-ad7c-09c3b2628458,1970-01-01
https://nursinghomeaudit.com/facility/de653814-2bef-4532-92cb-737b67fc9512,1970-01-01
https://nursinghomeaudit.com/facility/de909691-22cc-49ce-8244-59efb8936c3e,1970-01-01
https://nursinghomeaudit.com/facility/df6657fb-7ab1-4171-b693-1bd8d916e81d,1970-01-01
https://nursinghomeaudit.com/facility/dfa8047e-8b4c-4666-af96-7ba3c187f787,1970-01-01
https://nursinghomeaudit.com/facility/dfe59d92-fb0c-432c-81a1-bea6e415f27e,1970-01-01
https://nursinghomeaudit.com/facility/e035bf30-0dff-4633-b13b-6940c66d94d4,1970-01-01
https://nursinghomeaudit.com/facility/e0c86276-c51e-419b-b615-3da0180d9192,1970-01-01
https://nursinghomeaudit.com/facility/e1202bea-561e-4e9c-8c65-aa5cefdb1330,1970-01-01
https://nursinghomeaudit.com/facility/e14d9b64-1dbf-4d8b-b5b5-c23047ee6158,1970-01-01
https://nursinghomeaudit.com/facility/e1737f58-7ca4-4935-8076-0f315a2427d9,1970-01-01
https://nursinghomeaudit.com/facility/e1f2933b-436d-485d-b7f4-fa614d54d2b5,1970-01-01
https://nursinghomeaudit.com/facility/e22dd5f4-4f02-4ed1-94a0-0d5cd495bfb2,1970-01-01
https://nursinghomeaudit.com/facility/e23c2740-5772-46b4-8bbd-a5a3cf5215ab,1970-01-01
https://nursinghomeaudit.com/facility/e40cb919-47fa-417a-8ff1-a9689b5ef7e6,1970-01-01
https://nursinghomeaudit.com/facility/e4b8a29d-6a56-4c7a-bc9b-562d7ee402fb,1970-01-01
https://nursinghomeaudit.com/facility/e5b42d67-e357-4736-b794-f3aff5f87da6,1970-01-01
https://nursinghomeaudit.com/facility/e5e9b6fd-14ca-493b-bafe-33a33b855f9a,1970-01-01
https://nursinghomeaudit.com/facility/e604e88d-f10c-4dc3-abd8-0b734266545e,1970-01-01
https://nursinghomeaudit.com/facility/e6162e03-61b9-42c7-b5e6-21aed1a37317,1970-01-01
https://nursinghomeaudit.com/facility/e63328b3-3109-4225-9395-3544cd221241,1970-01-01
https://nursinghomeaudit.com/facility/e66d1cca-15f2-4981-a8ee-e09fa9828ae9,1970-01-01
https://nursinghomeaudit.com/facility/e66f6767-24a4-4296-b94b-ecf8c38af9f8,1970-01-01
https://nursinghomeaudit.com/facility/e67a1b79-f6f5-4df0-ab38-2a07d67b298d,1970-01-01
https://nursinghomeaudit.com/facility/e847cf8f-e3fc-4c20-a215-65d72f116029,1970-01-01
https://nursinghomeaudit.com/facility/e849d8c2-f708-4d94-bf36-b0918eb312c1,1970-01-01
https://nursinghomeaudit.com/facility/e8883df1-b7a1-474a-acbb-b3a7c019a976,1970-01-01
https://nursinghomeaudit.com/facility/e92a2ef3-9196-422c-b878-2cfe6775832e,1970-01-01
https://nursinghomeaudit.com/facility/e92d6252-b0e8-477c-a685-c627e468036b,1970-01-01
https://nursinghomeaudit.com/facility/e9cc6df2-ab17-4beb-b9a0-1000f1d40c51,1970-01-01
https://nursinghomeaudit.com/facility/e9f01a45-368e-455c-9625-ddf9da0a26f4,1970-01-01
https://nursinghomeaudit.com/facility/e9fb6a62-f961-465f-b010-a83cf29d238e,1970-01-01
https://nursinghomeaudit.com/facility/ea24429d-8c2f-4488-ba53-d6f0de0507de,1970-01-01
https://nursinghomeaudit.com/facility/ec3608af-35b0-4a23-a016-2e2998b8d0c3,1970-01-01
https://nursinghomeaudit.com/facility/ec3717f9-b034-4584-8df4-e60ae667ba91,1970-01-01
https://nursinghomeaudit.com/facility/ec423997-d85a-4c35-9cc6-0353e7280963,1970-01-01
https://nursinghomeaudit.com/facility/ec8c41ab-b14a-4eed-b294-b3e2101e7441,1970-01-01
https://nursinghomeaudit.com/facility/ed55bf51-1d70-44b0-8ade-79a1b9f687ff,1970-01-01
https://nursinghomeaudit.com/facility/edec617f-4d37-43d8-b0de-d084b99fd11b,1970-01-01
https://nursinghomeaudit.com/facility/ee045da1-1549-40ce-a612-967e05143f37,1970-01-01
https://nursinghomeaudit.com/facility/ee1240e3-86fe-4de1-b4ce-13aeb9fcb29e,1970-01-01
https://nursinghomeaudit.com/facility/ee4d0af4-45fc-4d2c-9326-525723a7e411,1970-01-01
https://nursinghomeaudit.com/facility/ef72d319-4853-49f5-b1c4-9f3150ebdb96,1970-01-01
https://nursinghomeaudit.com/facility/efc9702e-9097-4590-82b3-37be832c99ce,1970-01-01
https://nursinghomeaudit.com/facility/f01ed068-60d2-4f4c-b421-ffaa7266638c,1970-01-01
https://nursinghomeaudit.com/facility/f078ebbe-3f93-4b4f-8dd6-7193980084a0,1970-01-01
https://nursinghomeaudit.com/facility/f0938a94-37d7-4529-b3c6-2961d24d7091,1970-01-01
https://nursinghomeaudit.com/facility/f0990440-bf2a-4ca6-b591-306bf6ab015d,1970-01-01
https://nursinghomeaudit.com/facility/f0addf4b-3cc8-4daa-95cc-91957b029bb8,1970-01-01
https://nursinghomeaudit.com/facility/f106a5eb-7baf-40e7-8b7f-13721277e0b3,1970-01-01
https://nursinghomeaudit.com/facility/f1706fd9-7710-4234-af8b-97965f2879a3,1970-01-01
https://nursinghomeaudit.com/facility/f19110eb-19c0-4970-bd9e-8002f7d94e50,1970-01-01
https://nursinghomeaudit.com/facility/f253ad83-c00f-4092-94cf-e08f37f9c257,1970-01-01
https://nursinghomeaudit.com/facility/f271f305-fc21-4bf1-9438-de64488472b3,1970-01-01
https://nursinghomeaudit.com/facility/f29ec602-5475-469d-9e30-039aef2e27e5,1970-01-01
https://nursinghomeaudit.com/facility/f36b1254-c278-4246-a6a6-77e1e8b31d5d,1970-01-01
https://nursinghomeaudit.com/facility/f380a7d3-0d21-4a09-b076-a20edd1f0fd8,1970-01-01
https://nursinghomeaudit.com/facility/f38e76f6-904c-4dde-b654-a78841fc5fed,1970-01-01
https://nursinghomeaudit.com/facility/f46cd0da-ab79-460d-8699-1401b363c063,1970-01-01
https://nursinghomeaudit.com/facility/f499a2e8-442d-4c36-ae19-82b30b943ade,1970-01-01
https://nursinghomeaudit.com/facility/f4ac2a22-7d1b-427a-9857-1278f3c53a63,1970-01-01
https://nursinghomeaudit.com/facility/f4d54f6f-2ca5-4cc0-8fe1-0946d3740918,1970-01-01
https://nursinghomeaudit.com/facility/f4e87d8d-0d12-4b3c-9a53-e7bd502d1acb,1970-01-01
https://nursinghomeaudit.com/facility/f5b8f05b-c261-4949-90f1-fe0774d16c46,1970-01-01
https://nursinghomeaudit.com/facility/f5faadc7-182f-4454-be28-c636f321746e,1970-01-01
https://nursinghomeaudit.com/facility/f60dd527-d8a6-4971-ac15-a9f5f6f93109,1970-01-01
https://nursinghomeaudit.com/facility/f61a8a15-7074-4a4d-b4d8-b6e2cd05e964,1970-01-01
https://nursinghomeaudit.com/facility/f61ccbab-cbbe-420a-a50a-7a4571ea1ad2,1970-01-01
https://nursinghomeaudit.com/facility/f7276f6d-bcc9-414a-926d-054d55b181e4,1970-01-01
https://nursinghomeaudit.com/facility/f7658c69-51f2-4664-b0d5-719cfb861410,1970-01-01
https://nursinghomeaudit.com/facility/f7671e4f-653e-4950-bb45-66a8b3c9a241,1970-01-01
https://nursinghomeaudit.com/facility/f898e8d9-f11b-442f-8afd-3615dc5e7e3b,1970-01-01
https://nursinghomeaudit.com/facility/f8b4556d-69b6-4601-a923-1e5aaf775e50,1970-01-01
https://nursinghomeaudit.com/facility/f911cba7-c3c3-4428-b99d-bac36fc83da0,1970-01-01
https://nursinghomeaudit.com/facility/f9378d77-5d8e-4a93-b61f-2180aaf029c8,1970-01-01
https://nursinghomeaudit.com/facility/fa33f1b1-cad8-475c-96d4-2c637c23dde4,1970-01-01
https://nursinghomeaudit.com/facility/fa34a2de-ce65-4cb9-81a7-38b86728799a,1970-01-01
https://nursinghomeaudit.com/facility/fa4dae52-6da8-441d-b9e3-7c26b31a2fc0,1970-01-01
https://nursinghomeaudit.com/facility/fa5432e5-ab44-4abd-ac83-da7242f55f7a,1970-01-01
https://nursinghomeaudit.com/facility/faac7a30-d1c4-41ea-83ad-671f980f0411,1970-01-01
https://nursinghomeaudit.com/facility/fb366493-8d0d-415b-956a-204a85355a2d,1970-01-01
https://nursinghomeaudit.com/facility/fbe1e707-c19e-4a8d-9b5a-5229a3ccd2e6,1970-01-01
https://nursinghomeaudit.com/facility/fbecf1a2-c9ee-48bf-8868-90a7c36f33ab,1970-01-01
https://nursinghomeaudit.com/facility/fc0e83e8-626a-43f6-a4ed-65bb8972c39e,1970-01-01
https://nursinghomeaudit.com/facility/fcb8328e-4a4e-4047-a4c8-43264d345f17,1970-01-01
https://nursinghomeaudit.com/facility/fcd2ef2a-a65f-4caf-b849-7b6005c26e60,1970-01-01
https://nursinghomeaudit.com/facility/fd1a46bd-7861-4893-b63d-f6b171df137b,1970-01-01
https://nursinghomeaudit.com/facility/fd8110fb-9dfd-4434-9ad0-bef3c7bcc5c5,1970-01-01
https://nursinghomeaudit.com/facility/fd96f9c9-2684-4900-b797-da812c91a751,1970-01-01
https://nursinghomeaudit.com/facility/fda06f3e-a0c4-4515-b9d6-d63f621a1fe3,1970-01-01
https://nursinghomeaudit.com/facility/fe2edca6-ade5-4dc2-b6d9-9971a6ed0759,1970-01-01
https://nursinghomeaudit.com/facility/fee402ab-e458-45ab-bb0f-353e47b1646d,1970-01-01
https://nursinghomeaudit.com/facility/fefa1e06-0461-4954-81c9-ad5d85c66344,1970-01-01
https://nursinghomeaudit.com/facility/ff73497d-1bb7-4c46-8315-be7f74c8f140,1970-01-01