Top queries,Clicks,Impressions,CTR,Position
"avir at keeneland, retirement & assisted living facility, weatherford",0,8,0%,15.75
"falcon lake nursing home llc, medical & health, zapata",0,5,0%,22.8
caraday of mesquite,0,5,0%,41
avir at pittsburg,0,4,0%,26.75
monahans nursing home,0,4,0%,42.25
"avir at north richland hills, nursing home, north richland hills",0,3,0%,20.67
"legacy estate long term care, nursing home, comanche",0,3,0%,27.33
weimar tx to san antonio tx,0,3,0%,63.33
accel at willow bend,0,3,0%,64.33
arbrook plaza,0,3,0%,65.33
texas nursing home inspection reports,0,2,0%,16
nursing homes in banderas bay,0,2,0%,16.5
"avir at hillsboro, nursing home, hillsboro",0,2,0%,25.5
trucare palestine tx,0,2,0%,84.5
nursing home audits,0,1,0%,7
"avir at town creek, nursing home, palestine",0,1,0%,20
"la bahia nursing & rehab, nursing home, goliad",0,1,0%,30
8550 jason st,0,1,0%,34
dimmitt nursing home,0,1,0%,34
avir at lindale,0,1,0%,35
caraday of mesquite photos,0,1,0%,35
8550 jason st houston tx 77074,0,1,0%,37
george west nursing home,0,1,0%,40
legend oaks healthcare and rehabilitation waxahachie reviews,0,1,0%,43
wesley woods waco,0,1,0%,45
ignite medical resort fort worth,0,1,0%,50
summer place beaumont tx,0,1,0%,50
willow park rehabilitation & care center,0,1,0%,50
italy nursing home,0,1,0%,55
pleasant manor healthcare and rehabilitation reviews,0,1,0%,84
accel rehab plano,0,1,0%,87
nursing home in mont belvieu,0,1,0%,93